/*
Navicat MySQL Data Transfer

Source Server         : Local
Source Server Version : 50542
Source Host           : localhost:3306
Source Database       : pqrs

Target Server Type    : MYSQL
Target Server Version : 50542
File Encoding         : 65001

Date: 2016-05-10 06:51:47
*/

SET FOREIGN_KEY_CHECKS=0;

-- ----------------------------
-- Table structure for area
-- ----------------------------
DROP TABLE IF EXISTS `area`;
CREATE TABLE `area` (
  `idarea` int(11) NOT NULL,
  `nombre` varchar(500) NOT NULL,
  PRIMARY KEY (`idarea`)
) ENGINE=InnoDB DEFAULT CHARSET=utf8;

-- ----------------------------
-- Records of area
-- ----------------------------
INSERT INTO `area` VALUES ('1', 'RECTORIA');
INSERT INTO `area` VALUES ('2', 'VICERECTORIA ACADEMICA');
INSERT INTO `area` VALUES ('3', 'VICERECTORIA DE INVESTIGACION');
INSERT INTO `area` VALUES ('4', 'CENTRO DE POSTGRADOS Y RELACIONES EXTERNAS');
INSERT INTO `area` VALUES ('5', 'SECCION ADQUISICION Y CONTROL DE BIENES');
INSERT INTO `area` VALUES ('6', 'CENTRO DE INFORMACION Y DOCUMENTACION');
INSERT INTO `area` VALUES ('7', 'CENTRO DE ADMISIONES, REGISTRO Y CONTROL ACADEMICO');
INSERT INTO `area` VALUES ('8', 'CENTRO DE CAPACITACION Y ASESORIA ACADEMICA');
INSERT INTO `area` VALUES ('9', 'INSTITUTO DE INVESTIGACIONES INMUNOLOGICAS');
INSERT INTO `area` VALUES ('10', 'CENTRO DE INFORMATICA');
INSERT INTO `area` VALUES ('11', 'FACULTAD DE MEDICINA');
INSERT INTO `area` VALUES ('12', 'DEPARTAMENTOS BASICOS DE MEDICINA');
INSERT INTO `area` VALUES ('13', 'FACULTAD DE ODONTOLOGIA');
INSERT INTO `area` VALUES ('14', 'FACULTAD DE CIENCIAS FARMACEUTICAS');
INSERT INTO `area` VALUES ('15', 'PROGRAMA DE QUIMICA');
INSERT INTO `area` VALUES ('16', 'PROGRAMA DE QUIMICA FARMACEUTICA');
INSERT INTO `area` VALUES ('17', 'FACULTAD DE ENFERMERIA');
INSERT INTO `area` VALUES ('18', 'FACULTAD DE DERECHO Y CIENCIAS POLITICAS');
INSERT INTO `area` VALUES ('19', 'FACULTAD DE CIENCIAS ECONOMICAS');
INSERT INTO `area` VALUES ('20', 'PROGRAMA DE ECONOMIA');
INSERT INTO `area` VALUES ('21', 'PROGRAMA DE ADMINISTRACION DE EMPRESAS');
INSERT INTO `area` VALUES ('22', 'PROGRAMA DE CONTADURIA PUBLICA');
INSERT INTO `area` VALUES ('23', 'FACULTAD DE CIENCIAS SOCIALES Y EDUCACION');
INSERT INTO `area` VALUES ('24', 'FACULTAD DE INGENIERIAS');
INSERT INTO `area` VALUES ('25', 'INSTITUTO DE HIDRAULICA Y SANEAMIENTO AMBIENTAL (IHSA)');
INSERT INTO `area` VALUES ('26', 'INSTITUTO DE POLITICAS PUBLICAS DE GOBIERNO Y ESCUELAS REGIONALES');
INSERT INTO `area` VALUES ('27', 'PROGRAMA DE INGENIERIA CIVIL');
INSERT INTO `area` VALUES ('28', 'FACULTAD DE CIENCIAS HUMANAS');
INSERT INTO `area` VALUES ('29', 'PROGRAMA DE LINGUISTICA Y LITERATURA');
INSERT INTO `area` VALUES ('30', 'PROGRAMA DE FILOSOFIA');
INSERT INTO `area` VALUES ('31', 'PROGRAMA DE HISTORIA');
INSERT INTO `area` VALUES ('32', 'EDUCACION ABIERTA Y A DISTANCIA');
INSERT INTO `area` VALUES ('33', 'ADMINISTRACION FINANCIERA');
INSERT INTO `area` VALUES ('34', 'ADMINISTRACION DE LOS SERVICIOS DE SALUD');
INSERT INTO `area` VALUES ('35', 'TECNOLOGIA DE ALIMENTOS');
INSERT INTO `area` VALUES ('36', 'INGENIERIA DE SISTEMAS (DISTANCIA)');
INSERT INTO `area` VALUES ('38', 'VICERECTORIA ADMINISTRATIVA');
INSERT INTO `area` VALUES ('40', 'DIVISION BIENESTAR UNIVERSITARIO');
INSERT INTO `area` VALUES ('41', 'DIVISION DE RECURSOS HUMANOS');
INSERT INTO `area` VALUES ('42', 'DIVISION DE SISTEMAS');
INSERT INTO `area` VALUES ('43', 'JUBILADOS');
INSERT INTO `area` VALUES ('46', 'POSTGRADOS FACULTAD DE MEDICINA');
INSERT INTO `area` VALUES ('49', 'MAGISTER EN MICROBILOGIA');
INSERT INTO `area` VALUES ('50', 'POSTGRADOS EN ODONTOLOGIA');
INSERT INTO `area` VALUES ('51', 'POSTGRADO DE ESTOMATOLOGIA Y CIRUGIA ORAL');
INSERT INTO `area` VALUES ('52', 'POSTGRADOS EN CIENCIAS QUIMICAS Y FARMACIAS');
INSERT INTO `area` VALUES ('54', 'POSTGRADO DE ENFERMERIA');
INSERT INTO `area` VALUES ('56', 'POSTGRADO SALUD OCUPACIONAL');
INSERT INTO `area` VALUES ('58', 'POSTGRADOS DE DERECHO Y CIENCIAS POLITICAS');
INSERT INTO `area` VALUES ('59', 'POSTGRADOS DE CIENCIAS ECONOMICAS');
INSERT INTO `area` VALUES ('60', 'ESPECIALIZACION EN GESTION GERENCIAL');
INSERT INTO `area` VALUES ('61', 'ESPECIALIZACION EN REVISORIA FISCAL');
INSERT INTO `area` VALUES ('63', 'ESPECIALIZACION EN FINANZAS');
INSERT INTO `area` VALUES ('66', 'POSTGRADOS DE CIENCIAS SOCIALES Y EDUCACION');
INSERT INTO `area` VALUES ('69', 'POSTGRADOS DE CIENCIAS E INGENIERIA');
INSERT INTO `area` VALUES ('70', 'ESPECIALIZACION EN GERENCIA DE PROYECTOS DE CONSTRUCCION');
INSERT INTO `area` VALUES ('71', 'ESPECIALIZACION EN INGENIERIA SANITARIA Y AMBIENTAL');
INSERT INTO `area` VALUES ('72', 'POSTGRADOS DE CIENCIAS HUMANAS');
INSERT INTO `area` VALUES ('74', 'PROGRAMA DE ADMINISTRACION INDUSTRIAL');
INSERT INTO `area` VALUES ('75', 'INSTITUTO INTERNACIONAL ESTUDIOS DEL CARIBE');
INSERT INTO `area` VALUES ('76', 'PROGRAMA DE TRABAJO SOCIAL');
INSERT INTO `area` VALUES ('77', 'PROGRAMA DE COMUNICACION SOCIAL');
INSERT INTO `area` VALUES ('78', 'PROGRAMA DE INGENIERIA DE ALIMENTOS');
INSERT INTO `area` VALUES ('79', 'PROGRAMA DE INGENIERIA DE SISTEMAS');
INSERT INTO `area` VALUES ('80', 'PROGRAMA DE INGENIERIA DE QUIMICA');
INSERT INTO `area` VALUES ('81', 'LICENCIATURA EN PEDAGOGIA INFANTIL');
INSERT INTO `area` VALUES ('82', 'LICENCIATURA EN EDUCACION BASICA ENFASIS EN LENGUA CASTELLANA');
INSERT INTO `area` VALUES ('83', 'LICENCIATURA EN EDUCACION BASICA ENFASIS EN ARTISTICA');
INSERT INTO `area` VALUES ('84', 'LICENCIATURA EN INFORMATICA');
INSERT INTO `area` VALUES ('85', 'ADMINISTRACION AGROPECUARIA');
INSERT INTO `area` VALUES ('86', 'ADMINISTRACION TURISTICA Y HOTELERA');
INSERT INTO `area` VALUES ('87', 'SALUD OCUPACIONAL');
INSERT INTO `area` VALUES ('88', 'TECNOLOGIA EN ELECTRONICA');
INSERT INTO `area` VALUES ('89', 'FACULTAD DE CIENCIAS EXACTAS Y NATURALES');
INSERT INTO `area` VALUES ('90', 'SECRETARIA GENERAL');
INSERT INTO `area` VALUES ('91', 'DIVISION COMUNICACIONES Y RELACIONES PUBLICAS');
INSERT INTO `area` VALUES ('92', 'OFICINA ASESORA DE PLANEACION');
INSERT INTO `area` VALUES ('93', 'OFICINA ASESORA JURIDICA');
INSERT INTO `area` VALUES ('94', 'OFICINA ASESORA DE CONTROL INTERNO');
INSERT INTO `area` VALUES ('95', 'OFICINA ASESORA DE CONTROL DISCIPLINARIO');
INSERT INTO `area` VALUES ('96', 'OFICINA ASESORA DE GESTION HUMANA  Y DESARROLLO ORGANIZACIONAL');
INSERT INTO `area` VALUES ('97', 'SECCION DE PUBLICACIONES');
INSERT INTO `area` VALUES ('98', 'ADMINISTRACION ACUICOLA Y PESQUERA');
INSERT INTO `area` VALUES ('99', 'DIVISION DE CONTRATOS');
INSERT INTO `area` VALUES ('101', 'SECCION TESORERIA Y PAGADURIA');
INSERT INTO `area` VALUES ('102', 'SECCION DE PRESUPUESTO');
INSERT INTO `area` VALUES ('103', 'SECCION DE CONTABILIDAD');
INSERT INTO `area` VALUES ('104', 'DEPARTAMENTO DE INVESTIGACION INGENIERIAS');
INSERT INTO `area` VALUES ('105', 'PROGRAMA DE MATEMATICAS');
INSERT INTO `area` VALUES ('106', 'PROGRAMA DE BIOLOGIA');
INSERT INTO `area` VALUES ('107', 'DEPARTAMENTO DE FISICA');
INSERT INTO `area` VALUES ('108', 'POSTGRADOS DE CIENCIAS EXACTAS Y NATURALES');
INSERT INTO `area` VALUES ('109', 'PROGRAMA DE ENFERMERIA');
INSERT INTO `area` VALUES ('110', 'DEPARTAMENTO DE INVESTIGACIONES CIENCIAS ECONOMICAS');
INSERT INTO `area` VALUES ('111', 'BIBLIOTECA - CENTRO SAN AGUSTIN');
INSERT INTO `area` VALUES ('112', 'BIBLIOTECA - ZARAGOCILLA');
INSERT INTO `area` VALUES ('113', 'BIBLIOTECA - PIEDRA DE BOLIVAR');
INSERT INTO `area` VALUES ('114', 'DOCTORADO EN CIENCIAS DE LA EDUCACION');
INSERT INTO `area` VALUES ('115', 'SECCION DE PERSONAL');
INSERT INTO `area` VALUES ('116', 'SECCION SELECCION Y CAPACITACION');
INSERT INTO `area` VALUES ('117', 'SECCION DE PRESTACIONES ECONOMICAS');
INSERT INTO `area` VALUES ('118', 'SECCION DE SALUD OCUPACIONAL');
INSERT INTO `area` VALUES ('119', 'SECCION DE ARCHIVO Y CORRESPONDENCIA');
INSERT INTO `area` VALUES ('120', 'SECCION DE ACTIVIDADES CULTURALES');
INSERT INTO `area` VALUES ('121', 'SECCION DE DEPORTES');
INSERT INTO `area` VALUES ('122', 'SECCION ASESORIA DE PSICOLOGIA');
INSERT INTO `area` VALUES ('123', 'SECCION DE TRABAJO SOCIAL');
INSERT INTO `area` VALUES ('124', 'SECCION DE EGRESADOS');
INSERT INTO `area` VALUES ('125', 'SECCION DE SERVICIOS GENERALES');
INSERT INTO `area` VALUES ('126', 'SECCION DE TELEVISION');
INSERT INTO `area` VALUES ('127', 'SECCION DE EMISORA');
INSERT INTO `area` VALUES ('128', 'CENTRO DE AUTOEVALUACION Y ACREDITACION INSTITUCIONAL');
INSERT INTO `area` VALUES ('129', 'POSTGRADOS EN EDUCACION ABIERTA Y A DISTANCIA');
INSERT INTO `area` VALUES ('130', 'SECCION DE INVENTARIOS');
INSERT INTO `area` VALUES ('131', 'SECCION DE SERVICIOS EN CONSULTORIAS, ASESORIAS Y DONACIONES');
INSERT INTO `area` VALUES ('132', 'COORDINACION ACADEMICA GENERAL');
INSERT INTO `area` VALUES ('133', 'SECCION DE CARTERA');
INSERT INTO `area` VALUES ('134', 'MATRICULAS POSTGRADOS');
INSERT INTO `area` VALUES ('135', 'MATRICULAS PREGRADO');
INSERT INTO `area` VALUES ('136', 'CONCILIACION BANCARIA');
INSERT INTO `area` VALUES ('137', 'ALMACEN GENERAL');
INSERT INTO `area` VALUES ('138', 'OBSERVATORIO PARA EL DESPLAZAMIENTO FORZADO');
INSERT INTO `area` VALUES ('139', 'CENTRO DE PRACTICAS EMP. INSERCION LAB');
INSERT INTO `area` VALUES ('140', 'CTRO.DE RECURSOS EDUC.Y TELECOMUN.');
INSERT INTO `area` VALUES ('141', 'DOCTORADO EN MEDICINA TROPICAL');
INSERT INTO `area` VALUES ('142', 'CENTRO DE INNOVACION DE ESTUDIOS VIRTUALES');
INSERT INTO `area` VALUES ('143', 'DEPARTAMENTO DE PRACTICAS EMPRESARIALES');
INSERT INTO `area` VALUES ('144', 'ALMACEN GENERAL');
INSERT INTO `area` VALUES ('145', 'DIVISION DE SISTEMAS');
INSERT INTO `area` VALUES ('146', 'DIVISION FINANCIERA');
INSERT INTO `area` VALUES ('162', 'DIVISION DE ALMACEN');
INSERT INTO `area` VALUES ('163', 'VICERRECTORIA DE BIENESTAR UNIVERSITARIA');
INSERT INTO `area` VALUES ('164', 'VICERRECTORIA DE ASUEGURAMIENTO DE LA CALIDAD');
INSERT INTO `area` VALUES ('165', 'DIVISION DE ASUNTOS LABORALES');
INSERT INTO `area` VALUES ('166', 'PROGRAMAS A DISTANCIA MUNICIPIOS');
INSERT INTO `area` VALUES ('167', 'VICERRECTORIA DE EXTENSION  Y PROYECCION SOCIAL');
INSERT INTO `area` VALUES ('168', 'VICERRECTORIA DE RELACIONES Y COPERACION INTERNACIONAL');
INSERT INTO `area` VALUES ('169', 'ESCUELA PARA EL TRABAJO Y DESARROLLO HUMANO AREA DE LA SALUD');
INSERT INTO `area` VALUES ('1000', 'DESCONOZCO A QUIEN CORRESPONDE');

-- ----------------------------
-- Table structure for asignacion
-- ----------------------------
DROP TABLE IF EXISTS `asignacion`;
CREATE TABLE `asignacion` (
  `asignacion_id` int(11) NOT NULL AUTO_INCREMENT,
  `pqrs_idpqrs` int(11) NOT NULL,
  `asignado_por` int(11) NOT NULL,
  `asignado_a` int(11) NOT NULL,
  `fecha_asignacion` date NOT NULL,
  `requerimiento` int(11) DEFAULT NULL,
  `estado` varchar(45) DEFAULT NULL,
  `motivo` varchar(2000) DEFAULT NULL,
  PRIMARY KEY (`asignacion_id`),
  KEY `fk_asignacion_pqrs1_idx` (`pqrs_idpqrs`),
  KEY `fk_asignacion_responsable_area1_idx` (`asignado_por`),
  KEY `fk_asignacion_responsable_area2_idx` (`asignado_a`),
  CONSTRAINT `fk_asignacion_pqrs1` FOREIGN KEY (`pqrs_idpqrs`) REFERENCES `pqrs` (`idpqrs`) ON DELETE NO ACTION ON UPDATE NO ACTION,
  CONSTRAINT `fk_asignacion_responsable_area1` FOREIGN KEY (`asignado_por`) REFERENCES `responsable_area` (`idresponsable_area`) ON DELETE NO ACTION ON UPDATE NO ACTION,
  CONSTRAINT `fk_asignacion_responsable_area2` FOREIGN KEY (`asignado_a`) REFERENCES `responsable_area` (`idresponsable_area`) ON DELETE NO ACTION ON UPDATE NO ACTION
) ENGINE=InnoDB AUTO_INCREMENT=13 DEFAULT CHARSET=utf8;

-- ----------------------------
-- Records of asignacion
-- ----------------------------
INSERT INTO `asignacion` VALUES ('2', '13', '1047408359', '1047408359', '2016-02-13', '0', 'Aceptada', null);
INSERT INTO `asignacion` VALUES ('4', '14', '1047408359', '147852369', '2016-04-09', '2', 'Aceptada', null);
INSERT INTO `asignacion` VALUES ('5', '13', '1047408359', '2345678', '2016-04-16', '3', 'Aceptada', null);
INSERT INTO `asignacion` VALUES ('7', '23', '1047408359', '123456789', '2016-04-18', '0', 'Aceptada', null);
INSERT INTO `asignacion` VALUES ('8', '15', '1047408359', '147852369', '2016-04-18', '0', 'Aceptada', null);
INSERT INTO `asignacion` VALUES ('10', '24', '1047408359', '987654321', '2016-04-19', '0', 'Aceptada', null);
INSERT INTO `asignacion` VALUES ('11', '20', '1047408359', '147852369', '2016-04-19', '1', 'Aceptada', null);
INSERT INTO `asignacion` VALUES ('12', '16', '1047408359', '2345678', '2016-04-20', '0', 'Aceptada', null);

-- ----------------------------
-- Table structure for dias_no_habiles
-- ----------------------------
DROP TABLE IF EXISTS `dias_no_habiles`;
CREATE TABLE `dias_no_habiles` (
  `iddias_no_habiles` int(11) NOT NULL,
  `dias` date DEFAULT NULL,
  PRIMARY KEY (`iddias_no_habiles`)
) ENGINE=InnoDB DEFAULT CHARSET=utf8;

-- ----------------------------
-- Records of dias_no_habiles
-- ----------------------------
INSERT INTO `dias_no_habiles` VALUES ('39', '2015-11-02');
INSERT INTO `dias_no_habiles` VALUES ('40', '2015-11-16');
INSERT INTO `dias_no_habiles` VALUES ('42', '2015-11-11');
INSERT INTO `dias_no_habiles` VALUES ('43', '2015-11-12');
INSERT INTO `dias_no_habiles` VALUES ('44', '2015-11-13');
INSERT INTO `dias_no_habiles` VALUES ('60', '2015-12-08');
INSERT INTO `dias_no_habiles` VALUES ('61', '2015-11-09');
INSERT INTO `dias_no_habiles` VALUES ('62', '2015-11-10');
INSERT INTO `dias_no_habiles` VALUES ('63', '2016-02-10');

-- ----------------------------
-- Table structure for mail
-- ----------------------------
DROP TABLE IF EXISTS `mail`;
CREATE TABLE `mail` (
  `idmail` int(11) NOT NULL AUTO_INCREMENT,
  `username_sistema` varchar(100) DEFAULT NULL,
  `password_sistema` varchar(100) DEFAULT NULL,
  `username_administrador` varchar(100) DEFAULT NULL,
  PRIMARY KEY (`idmail`)
) ENGINE=InnoDB AUTO_INCREMENT=2 DEFAULT CHARSET=utf8;

-- ----------------------------
-- Records of mail
-- ----------------------------
INSERT INTO `mail` VALUES ('1', 'micuenta40@gmail.com', 'qwe789..', 'micuenta40@gmail.com');

-- ----------------------------
-- Table structure for pqrs
-- ----------------------------
DROP TABLE IF EXISTS `pqrs`;
CREATE TABLE `pqrs` (
  `idpqrs` int(11) NOT NULL AUTO_INCREMENT,
  `tipo` varchar(45) NOT NULL,
  `area_idarea` int(11) NOT NULL,
  `notificar_mail` varchar(45) DEFAULT NULL,
  `descripcion` varchar(5000) NOT NULL,
  `adjunto` varchar(2000) DEFAULT NULL,
  `fecha_creacion` date NOT NULL,
  `estado` varchar(45) NOT NULL,
  `medio_ingreso` varchar(45) DEFAULT NULL,
  `reclamante_idreclamante` int(11) NOT NULL,
  `estadoSolicitud` varchar(100) DEFAULT NULL,
  `codigo` varchar(45) DEFAULT NULL,
  `encuesta` int(11) DEFAULT NULL,
  `adjuntorespuesta` varchar(500) DEFAULT NULL,
  PRIMARY KEY (`idpqrs`),
  KEY `fk_pqrs_area1_idx` (`area_idarea`),
  KEY `fk_pqrs_reclamante1_idx` (`reclamante_idreclamante`),
  CONSTRAINT `fk_pqrs_area1` FOREIGN KEY (`area_idarea`) REFERENCES `area` (`idarea`) ON DELETE NO ACTION ON UPDATE NO ACTION,
  CONSTRAINT `fk_pqrs_reclamante1` FOREIGN KEY (`reclamante_idreclamante`) REFERENCES `reclamante` (`idreclamante`) ON DELETE NO ACTION ON UPDATE NO ACTION
) ENGINE=InnoDB AUTO_INCREMENT=28 DEFAULT CHARSET=utf8;

-- ----------------------------
-- Records of pqrs
-- ----------------------------
INSERT INTO `pqrs` VALUES ('13', 'Peticion', '1000', 'on', 'peticion1', '', '2016-02-01', 'Resuelta', 'Web', '3456789', 'Respuesta enviada al usuario', 'P201600009', '2', null);
INSERT INTO `pqrs` VALUES ('14', 'Queja', '1000', 'on', 'queja2016', '', '2016-03-25', 'Resuelta', 'Web', '3456789', 'Respuesta enviada al usuario', 'Q201600010', '2', null);
INSERT INTO `pqrs` VALUES ('15', 'Reclamo', '1000', 'on', 'Reclamo2016', '', '2016-03-31', 'Activa', 'Web', '3456789', 'Verificacion PQRS', 'R201600011', null, null);
INSERT INTO `pqrs` VALUES ('16', 'Sugerencia', '1000', 'on', 'Sugerencia 2016', '', '2016-03-28', 'Activa', 'Web', '3456789', 'Verificacion PQRS', 'S201600012', null, null);
INSERT INTO `pqrs` VALUES ('17', 'Queja', '1000', 'on', 'hola', '', '2016-02-12', 'Activa', 'Correo', '22999635', 'Verificacion PQRS', 'Q201600005', null, null);
INSERT INTO `pqrs` VALUES ('18', 'Peticion', '1000', 'on', 'Peticion X', '', '2016-02-11', 'Activa', 'Correo', '22999635', 'Verificacion PQRS', 'P201600006', null, null);
INSERT INTO `pqrs` VALUES ('19', 'Peticion', '1000', 'on', 'Peticion Y', '', '2016-02-13', 'Activa', 'Web', '22999635', 'Verificacion PQRS', 'P201600007', null, null);
INSERT INTO `pqrs` VALUES ('20', 'Peticion', '2', 'on', 'Esto es una peticion', '', '2016-04-08', 'Activa', 'Telefono', '123456789', 'Verificacion PQRS', 'P201600008', null, null);
INSERT INTO `pqrs` VALUES ('21', 'Peticion', '2', 'on', 'ERsto es una prueba', null, '2016-04-07', 'Activa', 'Correo', '73214802', 'Respuesta enviada al usuario', 'P201600009', null, null);
INSERT INTO `pqrs` VALUES ('23', 'Peticion', '137', 'on', 'Buenos días, solicito por favor información comercial de las transacciones que realiza la Universidad a través de su departamento de compras y/o almacén general.\r\n\r\nGracias.', '', '2016-04-18', 'Activa', 'Web', '22955419', 'Verificacion PQRS', 'P201600011', null, null);
INSERT INTO `pqrs` VALUES ('24', 'Peticion', '144', 'on', 'prueba', '', '2016-04-19', 'Resuelta', 'Web', '22955419', 'Respuesta enviada al usuario', 'P201600012', '2', null);
INSERT INTO `pqrs` VALUES ('25', 'Peticion', '2', 'on', 'iuna asdfdsf', null, '2016-05-07', 'Activa', 'Web', '1143336123', 'Verificacion PQRS', 'P201600012', null, null);
INSERT INTO `pqrs` VALUES ('26', 'Peticion', '1000', 'on', 'dfgdfgfdg', null, '2016-05-07', 'Activa', 'Web', '1143336123', 'Verificacion PQRS', 'P201600013', null, null);
INSERT INTO `pqrs` VALUES ('27', 'Sugerencia', '1000', 'on', 'arreglen esta vaina', '27-Prolactina, progesterona, tsh.jpg', '2016-05-07', 'Activa', 'Web', '1143336123', 'Verificacion PQRS', 'S201600014', null, null);

-- ----------------------------
-- Table structure for proceso
-- ----------------------------
DROP TABLE IF EXISTS `proceso`;
CREATE TABLE `proceso` (
  `idproceso` int(11) NOT NULL AUTO_INCREMENT,
  `proceso` varchar(500) DEFAULT NULL,
  PRIMARY KEY (`idproceso`)
) ENGINE=InnoDB AUTO_INCREMENT=20 DEFAULT CHARSET=utf8;

-- ----------------------------
-- Records of proceso
-- ----------------------------
INSERT INTO `proceso` VALUES ('1', 'Direccionamiento estratégico');
INSERT INTO `proceso` VALUES ('2', 'Gestión de comunicación institucional');
INSERT INTO `proceso` VALUES ('3', 'Gestión de la calidad y la mejora');
INSERT INTO `proceso` VALUES ('4', 'Gestión de Relaciones con usuarios y ciudadanos');
INSERT INTO `proceso` VALUES ('5', 'Docencia');
INSERT INTO `proceso` VALUES ('6', 'Investigación');
INSERT INTO `proceso` VALUES ('7', 'Extensión');
INSERT INTO `proceso` VALUES ('8', 'Gestión del talento humano');
INSERT INTO `proceso` VALUES ('9', 'Gestión financiera');
INSERT INTO `proceso` VALUES ('10', 'Gestión de bienestar universitario');
INSERT INTO `proceso` VALUES ('11', 'Gestión  de biblioteca');
INSERT INTO `proceso` VALUES ('12', 'Gestión de asuntos jurídicos y legales');
INSERT INTO `proceso` VALUES ('13', 'Gestión de bienes y servicios');
INSERT INTO `proceso` VALUES ('14', 'Archivo y correspondencia');
INSERT INTO `proceso` VALUES ('15', 'Edición de impresos');
INSERT INTO `proceso` VALUES ('16', 'Gestión de sistemas de información y recursos tecnológicos');
INSERT INTO `proceso` VALUES ('17', 'Auditorías');
INSERT INTO `proceso` VALUES ('18', 'Administración de riesgos');
INSERT INTO `proceso` VALUES ('19', 'Autoevaluación y planes de seguimiento');

-- ----------------------------
-- Table structure for programa
-- ----------------------------
DROP TABLE IF EXISTS `programa`;
CREATE TABLE `programa` (
  `idprograma` int(11) NOT NULL AUTO_INCREMENT,
  `codigo` varchar(45) DEFAULT NULL,
  `nombre` varchar(255) NOT NULL,
  `tipo` varchar(45) NOT NULL,
  `modalidad` varchar(45) NOT NULL,
  `municipio` varchar(255) NOT NULL,
  `departamento` varchar(255) NOT NULL,
  PRIMARY KEY (`idprograma`)
) ENGINE=InnoDB AUTO_INCREMENT=506 DEFAULT CHARSET=utf8;

-- ----------------------------
-- Records of programa
-- ----------------------------
INSERT INTO `programa` VALUES ('1', '664', 'ADMINISTRACION DE EMPRESAS DISTANCIA - ACHI', 'Pregrado', 'Distancia', 'ACHI', 'BOLIVAR');
INSERT INTO `programa` VALUES ('2', '626', 'ADMINISTRACION DE EMPRESAS DISTANCIA - CARMEN DE BOLIVAR', 'Pregrado', 'Distancia', 'EL CARMEN DE BOLIVAR', 'BOLIVAR');
INSERT INTO `programa` VALUES ('3', '414', 'ADMINISTRACION DE EMPRESAS DISTANCIA - CARTAGENA', 'Pregrado', 'Distancia', 'CARTAGENA', 'BOLIVAR');
INSERT INTO `programa` VALUES ('4', '600', 'ADMINISTRACION DE EMPRESAS DISTANCIA - CERETÉ', 'Pregrado', 'Distancia', 'CERETE', 'CÓRDOBA');
INSERT INTO `programa` VALUES ('5', '594', 'ADMINISTRACION DE EMPRESAS DISTANCIA - LORICA', 'Pregrado', 'Distancia', 'LORICA', 'CÓRDOBA');
INSERT INTO `programa` VALUES ('6', '595', 'ADMINISTRACION DE EMPRESAS DISTANCIA - MAGANGUE', 'Pregrado', 'Distancia', 'MAGANGUE', 'BOLIVAR');
INSERT INTO `programa` VALUES ('7', '715', 'ADMINISTRACION DE EMPRESAS DISTANCIA - MOMPOX', 'Pregrado', 'Distancia', 'MOMPOX', 'BOLIVAR');
INSERT INTO `programa` VALUES ('8', '675', 'ADMINISTRACION DE EMPRESAS DISTANCIA - NECHI', 'Pregrado', 'Distancia', 'NECHI', 'ANTIOQUIA');
INSERT INTO `programa` VALUES ('9', '625', 'ADMINISTRACION DE EMPRESAS DISTANCIA - SAN JUAN NEPOMUCENO', 'Pregrado', 'Distancia', 'SAN JUAN NEPOMUCENO', 'BOLIVAR');
INSERT INTO `programa` VALUES ('10', '624', 'ADMINISTRACION DE EMPRESAS DISTANCIA - SAN MARCOS', 'Pregrado', 'Distancia', 'SAN MARCOS', 'SUCRE');
INSERT INTO `programa` VALUES ('11', '658', 'ADMINISTRACION DE EMPRESAS DISTANCIA - SAN PELAYO', 'Pregrado', 'Distancia', 'SAN PELAYO', 'CÓRDOBA');
INSERT INTO `programa` VALUES ('12', '692', 'ADMINISTRACION DE EMPRESAS DISTANCIA - SINCE', 'Pregrado', 'Distancia', 'SINCE', 'SUCRE');
INSERT INTO `programa` VALUES ('13', '044', 'ADMINISTRACION DE EMPRESAS DIURNA', 'Pregrado', 'Presencial', 'CARTAGENA', 'BOLIVAR');
INSERT INTO `programa` VALUES ('14', '024', 'ADMINISTRACION DE EMPRESAS NOCTURNA', 'Pregrado', 'Presencial', 'CARTAGENA', 'BOLIVAR');
INSERT INTO `programa` VALUES ('15', '095', 'ADMINISTRACION DE SERVICIOS DE SALUD', 'Pregrado', 'Distancia', 'CARTAGENA', 'BOLIVAR');
INSERT INTO `programa` VALUES ('16', '142', 'ADMINISTRACION DE SERVICIOS DE SALUD - ACHI', 'Pregrado', 'Distancia', 'ACHI', 'BOLIVAR');
INSERT INTO `programa` VALUES ('17', '486', 'ADMINISTRACION DE SERVICIOS DE SALUD - BAYUNCA', 'Pregrado', 'Distancia', 'CARTAGENA', 'BOLIVAR');
INSERT INTO `programa` VALUES ('18', '482', 'ADMINISTRACION DE SERVICIOS DE SALUD - CARMELO', 'Pregrado', 'Distancia', 'CARTAGENA', 'BOLIVAR');
INSERT INTO `programa` VALUES ('19', '084', 'ADMINISTRACION DE SERVICIOS DE SALUD - CARMEN DE BOLIVAR', 'Pregrado', 'Distancia', 'EL CARMEN DE BOLIVAR', 'BOLIVAR');
INSERT INTO `programa` VALUES ('20', '012', 'ADMINISTRACION DE SERVICIOS DE SALUD - CARTAGENA', 'Pregrado', 'Distancia', 'CARTAGENA', 'BOLIVAR');
INSERT INTO `programa` VALUES ('21', '480', 'ADMINISTRACION DE SERVICIOS DE SALUD - CERES BOCACHICA', 'Pregrado', 'Distancia', 'CARTAGENA', 'BOLIVAR');
INSERT INTO `programa` VALUES ('22', '484', 'ADMINISTRACION DE SERVICIOS DE SALUD - CERES BOSQUE', 'Pregrado', 'Distancia', 'CARTAGENA', 'BOLIVAR');
INSERT INTO `programa` VALUES ('23', '485', 'ADMINISTRACION DE SERVICIOS DE SALUD - CERES DANIEL LEMAITRE', 'Pregrado', 'Distancia', 'CARTAGENA', 'BOLIVAR');
INSERT INTO `programa` VALUES ('24', '265', 'ADMINISTRACION DE SERVICIOS DE SALUD - CERES NELSON MANDELA', 'Pregrado', 'Distancia', 'CARTAGENA', 'BOLIVAR');
INSERT INTO `programa` VALUES ('25', '483', 'ADMINISTRACION DE SERVICIOS DE SALUD - CERES OLAYA', 'Pregrado', 'Distancia', 'CARTAGENA', 'BOLIVAR');
INSERT INTO `programa` VALUES ('26', '269', 'ADMINISTRACION DE SERVICIOS DE SALUD - CERES PASACABALLOS', 'Pregrado', 'Distancia', 'CARTAGENA', 'BOLIVAR');
INSERT INTO `programa` VALUES ('27', '273', 'ADMINISTRACION DE SERVICIOS DE SALUD - CERES POZóN', 'Pregrado', 'Distancia', 'CARTAGENA', 'BOLIVAR');
INSERT INTO `programa` VALUES ('28', '604', 'ADMINISTRACION DE SERVICIOS DE SALUD - CERETÉ', 'Pregrado', 'Distancia', 'CERETE', 'CÓRDOBA');
INSERT INTO `programa` VALUES ('29', '320', 'ADMINISTRACION DE SERVICIOS DE SALUD - CLEMENCIA', 'Pregrado', 'Distancia', 'CLEMENCIA', 'BOLIVAR');
INSERT INTO `programa` VALUES ('30', '277', 'ADMINISTRACION DE SERVICIOS DE SALUD - DCVE DISTRITO', 'Pregrado', 'Distancia', 'CARTAGENA', 'BOLIVAR');
INSERT INTO `programa` VALUES ('31', '077', 'ADMINISTRACION DE SERVICIOS DE SALUD - LORICA', 'Pregrado', 'Distancia', 'LORICA', 'CÓRDOBA');
INSERT INTO `programa` VALUES ('32', '014', 'ADMINISTRACION DE SERVICIOS DE SALUD - MAGANGUE', 'Pregrado', 'Distancia', 'MAGANGUE', 'BOLIVAR');
INSERT INTO `programa` VALUES ('33', '319', 'ADMINISTRACION DE SERVICIOS DE SALUD - MARIA LA BAJA', 'Pregrado', 'Distancia', 'MARIA LA BAJA', 'BOLIVAR');
INSERT INTO `programa` VALUES ('34', '593', 'ADMINISTRACION DE SERVICIOS DE SALUD - MOMPOX', 'Pregrado', 'Distancia', 'MOMPOX', 'BOLIVAR');
INSERT INTO `programa` VALUES ('35', '674', 'ADMINISTRACION DE SERVICIOS DE SALUD - NECHI', 'Pregrado', 'Distancia', 'NECHI', 'ANTIOQUIA');
INSERT INTO `programa` VALUES ('36', '230', 'ADMINISTRACION DE SERVICIOS DE SALUD - PINILLOS', 'Pregrado', 'Distancia', 'PINILLOS', 'BOLIVAR');
INSERT INTO `programa` VALUES ('37', '082', 'ADMINISTRACION DE SERVICIOS DE SALUD - SAN ESTANISLAO', 'Pregrado', 'Distancia', 'SAN ESTANISLAO', 'BOLIVAR');
INSERT INTO `programa` VALUES ('38', '303', 'ADMINISTRACION DE SERVICIOS DE SALUD - SAN JACINTO DEL CAUCA', 'Pregrado', 'Distancia', 'SAN JACINTO DEL CAUCA', 'BOLIVAR');
INSERT INTO `programa` VALUES ('39', '481', 'ADMINISTRACION DE SERVICIOS DE SALUD - SAN JOSE DE LOS CAMPANOS', 'Pregrado', 'Distancia', 'CARTAGENA', 'BOLIVAR');
INSERT INTO `programa` VALUES ('40', '221', 'ADMINISTRACION DE SERVICIOS DE SALUD - SAN JUAN NEPOMUCENO', 'Pregrado', 'Distancia', 'SAN JUAN NEPOMUCENO', 'BOLIVAR');
INSERT INTO `programa` VALUES ('41', '081', 'ADMINISTRACION DE SERVICIOS DE SALUD - SAN MARCOS', 'Pregrado', 'Distancia', 'SAN MARCOS', 'SUCRE');
INSERT INTO `programa` VALUES ('42', '067', 'ADMINISTRACION DE SERVICIOS DE SALUD - SAN ONOFRE', 'Pregrado', 'Distancia', 'SAN ONOFRE', 'SUCRE');
INSERT INTO `programa` VALUES ('43', '657', 'ADMINISTRACION DE SERVICIOS DE SALUD - SAN PELAYO', 'Pregrado', 'Distancia', 'SAN PELAYO', 'CÓRDOBA');
INSERT INTO `programa` VALUES ('44', '714', 'ADMINISTRACION DE SERVICIOS DE SALUD - SANTA ROSA DEL SUR', 'Pregrado', 'Distancia', 'SANTA ROSA DEL SUR', 'BOLIVAR');
INSERT INTO `programa` VALUES ('45', '015', 'ADMINISTRACION DE SERVICIOS DE SALUD - SIMITI', 'Pregrado', 'Distancia', 'SIMITI', 'BOLIVAR');
INSERT INTO `programa` VALUES ('46', '098', 'ADMINISTRACION DE SERVICIOS DE SALUD - SINCE', 'Pregrado', 'Distancia', 'SINCE', 'SUCRE');
INSERT INTO `programa` VALUES ('47', '227', 'ADMINISTRACION DE SERVICIOS DE SALUD - TALAIGUA NUEVO', 'Pregrado', 'Distancia', 'TALAIGUA NUEVO', 'BOLIVAR');
INSERT INTO `programa` VALUES ('48', '061', 'ADMINISTRACION DE SERVICIOS DE SALUD - TURBACO', 'Pregrado', 'Distancia', 'TURBACO', 'BOLIVAR');
INSERT INTO `programa` VALUES ('49', '324', 'ADMINISTRACION FINANCIERA - ACHÍ', 'Pregrado', 'Distancia', 'ACHI', 'BOLIVAR');
INSERT INTO `programa` VALUES ('50', '671', 'ADMINISTRACION FINANCIERA - CARMEN DE BOLIVAR', 'Pregrado', 'Distancia', 'EL CARMEN DE BOLIVAR', 'BOLIVAR');
INSERT INTO `programa` VALUES ('51', '205', 'ADMINISTRACION FINANCIERA - CARTAGENA', 'Pregrado', 'Distancia', 'CARTAGENA', 'BOLIVAR');
INSERT INTO `programa` VALUES ('52', '661', 'ADMINISTRACION FINANCIERA - CERES CARMELO', 'Pregrado', 'Distancia', 'CARTAGENA', 'BOLIVAR');
INSERT INTO `programa` VALUES ('53', '329', 'ADMINISTRACION FINANCIERA - CERES NELSON MANDELA', 'Pregrado', 'Distancia', 'CARTAGENA', 'BOLIVAR');
INSERT INTO `programa` VALUES ('54', '330', 'ADMINISTRACION FINANCIERA - CERES PASACABALLOS', 'Pregrado', 'Distancia', 'CARTAGENA', 'BOLIVAR');
INSERT INTO `programa` VALUES ('55', '328', 'ADMINISTRACION FINANCIERA - CERES POZóN', 'Pregrado', 'Distancia', 'CARTAGENA', 'BOLIVAR');
INSERT INTO `programa` VALUES ('56', '602', 'ADMINISTRACION FINANCIERA - CERETÉ', 'Pregrado', 'Distancia', 'CERETE', 'CÓRDOBA');
INSERT INTO `programa` VALUES ('57', '325', 'ADMINISTRACION FINANCIERA - CLEMENCIA', 'Pregrado', 'Distancia', 'CLEMENCIA', 'BOLIVAR');
INSERT INTO `programa` VALUES ('58', '278', 'ADMINISTRACION FINANCIERA - DCVE DISTRITO', 'Pregrado', 'Distancia', 'CARTAGENA', 'BOLIVAR');
INSERT INTO `programa` VALUES ('59', '216', 'ADMINISTRACION FINANCIERA - LORICA', 'Pregrado', 'Distancia', 'LORICA', 'CÓRDOBA');
INSERT INTO `programa` VALUES ('60', '254', 'ADMINISTRACION FINANCIERA - MAGANGUE', 'Pregrado', 'Distancia', 'MAGANGUE', 'BOLIVAR');
INSERT INTO `programa` VALUES ('61', '321', 'ADMINISTRACION FINANCIERA - MARIA LA BAJA', 'Pregrado', 'Distancia', 'MARIA LA BAJA', 'BOLIVAR');
INSERT INTO `programa` VALUES ('62', '323', 'ADMINISTRACION FINANCIERA - PINILLOS', 'Pregrado', 'Distancia', 'PINILLOS', 'BOLIVAR');
INSERT INTO `programa` VALUES ('63', '261', 'ADMINISTRACION FINANCIERA - SAN ESTANISLAO', 'Pregrado', 'Distancia', 'SAN ESTANISLAO', 'BOLIVAR');
INSERT INTO `programa` VALUES ('64', '326', 'ADMINISTRACION FINANCIERA - SAN JUAN NEPOMUCENO', 'Pregrado', 'Distancia', 'SAN JUAN NEPOMUCENO', 'BOLIVAR');
INSERT INTO `programa` VALUES ('65', '259', 'ADMINISTRACION FINANCIERA - SAN MARCOS', 'Pregrado', 'Distancia', 'SAN MARCOS', 'SUCRE');
INSERT INTO `programa` VALUES ('66', '659', 'ADMINISTRACION FINANCIERA - SAN PELAYO', 'Pregrado', 'Distancia', 'SAN PELAYO', 'CÓRDOBA');
INSERT INTO `programa` VALUES ('67', '260', 'ADMINISTRACION FINANCIERA - SIMITI', 'Pregrado', 'Distancia', 'SIMITI', 'BOLIVAR');
INSERT INTO `programa` VALUES ('68', '322', 'ADMINISTRACION FINANCIERA - SINCE', 'Pregrado', 'Distancia', 'SINCE', 'SUCRE');
INSERT INTO `programa` VALUES ('69', '327', 'ADMINISTRACION FINANCIERA - TALAIGUA NUEVO', 'Pregrado', 'Distancia', 'TALAIGUA NUEVO', 'BOLIVAR');
INSERT INTO `programa` VALUES ('70', '206', 'ADMINISTRACION FINANCIERA - TURBACO', 'Pregrado', 'Distancia', 'TURBACO', 'BOLIVAR');
INSERT INTO `programa` VALUES ('71', '049', 'ADMINISTRACION INDUSTRIAL', 'Pregrado', 'Presencial', 'CARTAGENA', 'BOLIVAR');
INSERT INTO `programa` VALUES ('72', '391', 'ADMINISTRACION PUBLICA - ACHÍ', 'Pregrado', 'Distancia', 'ACHI', 'BOLIVAR');
INSERT INTO `programa` VALUES ('73', '387', 'ADMINISTRACION PUBLICA - CARMEN DE BOLIVAR', 'Pregrado', 'Distancia', 'EL CARMEN DE BOLIVAR', 'BOLIVAR');
INSERT INTO `programa` VALUES ('74', '204', 'ADMINISTRACION PUBLICA - CARTAGENA', 'Pregrado', 'Distancia', 'CARTAGENA', 'BOLIVAR');
INSERT INTO `programa` VALUES ('75', '396', 'ADMINISTRACION PUBLICA - CERES NELSON MANDELA', 'Pregrado', 'Distancia', 'CARTAGENA', 'BOLIVAR');
INSERT INTO `programa` VALUES ('76', '734', 'ADMINISTRACION PUBLICA - CERES OLAYA', 'Pregrado', 'Distancia', 'CARTAGENA', 'BOLIVAR');
INSERT INTO `programa` VALUES ('77', '397', 'ADMINISTRACION PUBLICA - CERES PASACABALLOS', 'Pregrado', 'Distancia', 'CARTAGENA', 'BOLIVAR');
INSERT INTO `programa` VALUES ('78', '395', 'ADMINISTRACION PUBLICA - CERES POZóN', 'Pregrado', 'Distancia', 'CARTAGENA', 'BOLIVAR');
INSERT INTO `programa` VALUES ('79', '649', 'ADMINISTRACION PUBLICA - CERETÉ', 'Pregrado', 'Distancia', 'CERETE', 'CÓRDOBA');
INSERT INTO `programa` VALUES ('80', '392', 'ADMINISTRACION PUBLICA - CLEMENCIA', 'Pregrado', 'Distancia', 'CLEMENCIA', 'BOLIVAR');
INSERT INTO `programa` VALUES ('81', '286', 'ADMINISTRACION PUBLICA - LORICA', 'Pregrado', 'Distancia', 'LORICA', 'CÓRDOBA');
INSERT INTO `programa` VALUES ('82', '285', 'ADMINISTRACION PUBLICA - MAGANGUE', 'Pregrado', 'Distancia', 'MAGANGUE', 'BOLIVAR');
INSERT INTO `programa` VALUES ('83', '388', 'ADMINISTRACION PUBLICA - MARIA LA BAJA', 'Pregrado', 'Distancia', 'MARIA LA BAJA', 'BOLIVAR');
INSERT INTO `programa` VALUES ('84', '200', 'ADMINISTRACION PUBLICA - NECHI', 'Pregrado', 'Distancia', 'NECHI', 'ANTIOQUIA');
INSERT INTO `programa` VALUES ('85', '390', 'ADMINISTRACION PUBLICA - PINILLOS', 'Pregrado', 'Distancia', 'PINILLOS', 'BOLIVAR');
INSERT INTO `programa` VALUES ('86', '385', 'ADMINISTRACION PUBLICA - SAN ESTANISLAO', 'Pregrado', 'Distancia', 'SAN ESTANISLAO', 'BOLIVAR');
INSERT INTO `programa` VALUES ('87', '393', 'ADMINISTRACION PUBLICA - SAN JUAN NEPOMUCENO', 'Pregrado', 'Distancia', 'SAN JUAN NEPOMUCENO', 'BOLIVAR');
INSERT INTO `programa` VALUES ('88', '384', 'ADMINISTRACION PUBLICA - SAN MARCOS', 'Pregrado', 'Distancia', 'SAN MARCOS', 'SUCRE');
INSERT INTO `programa` VALUES ('89', '386', 'ADMINISTRACION PUBLICA - SIMITI', 'Pregrado', 'Distancia', 'SIMITI', 'BOLIVAR');
INSERT INTO `programa` VALUES ('90', '389', 'ADMINISTRACION PUBLICA - SINCE', 'Pregrado', 'Distancia', 'SINCE', 'SUCRE');
INSERT INTO `programa` VALUES ('91', '394', 'ADMINISTRACION PUBLICA - TALAIGUA NUEVO', 'Pregrado', 'Distancia', 'TALAIGUA NUEVO', 'BOLIVAR');
INSERT INTO `programa` VALUES ('92', '283', 'ADMINISTRACION PUBLICA - TURBACO', 'Pregrado', 'Distancia', 'TURBACO', 'BOLIVAR');
INSERT INTO `programa` VALUES ('93', '732', 'ADMINISTRACION PUBLICA -CERETE', 'Pregrado', 'Distancia', 'CERETE', 'CÓRDOBA');
INSERT INTO `programa` VALUES ('94', '718', 'ADMINISTRACION TURISTICA Y HOTELERA - CARTAGENA', 'Pregrado', 'Distancia', 'CARTAGENA', 'BOLIVAR');
INSERT INTO `programa` VALUES ('95', '279', 'ADMINISTRACION TURISTICA Y HOTELERA - DCVE DISTRITO', 'Pregrado', 'Distancia', 'CARTAGENA', 'BOLIVAR');
INSERT INTO `programa` VALUES ('96', '211', 'ADMINISTRACION TURISTICA Y HOTELERA - MAGANGUE', 'Pregrado', 'Distancia', 'MAGANGUE', 'BOLIVAR');
INSERT INTO `programa` VALUES ('97', '222', 'ADMINISTRACION TURISTICA Y HOTELERA - SAN JUAN NEPOMUCENO', 'Pregrado', 'Distancia', 'SAN JUAN NEPOMUCENO', 'BOLIVAR');
INSERT INTO `programa` VALUES ('98', '212', 'ADMINISTRACION TURISTICA Y HOTELERA - SAN ONOFRE', 'Pregrado', 'Distancia', 'CARTAGENA', 'BOLIVAR');
INSERT INTO `programa` VALUES ('99', '313', 'ADMINISTRACION TURISTICA Y HOTELERA - TURBACO', 'Pregrado', 'Distancia', 'TURBACO', 'BOLIVAR');
INSERT INTO `programa` VALUES ('100', '662', 'BIOLOGIA', 'Pregrado', 'Presencial', 'CARTAGENA', 'BOLIVAR');
INSERT INTO `programa` VALUES ('101', '039', 'COMUNICACION SOCIAL', 'Pregrado', 'Presencial', 'CARTAGENA', 'BOLIVAR');
INSERT INTO `programa` VALUES ('102', '078', 'CONTADURIA PUBLICA CONVENIO-U.MAGDALENA', 'Pregrado', 'Presencial', 'CARTAGENA', 'BOLIVAR');
INSERT INTO `programa` VALUES ('103', '050', 'CONTADURIA PUBLICA DIURNA', 'Pregrado', 'Presencial', 'CARTAGENA', 'BOLIVAR');
INSERT INTO `programa` VALUES ('104', '045', 'CONTADURIA PUBLICA NOCTURNA', 'Pregrado', 'Presencial', 'CARTAGENA', 'BOLIVAR');
INSERT INTO `programa` VALUES ('105', '041', 'DERECHO', 'Pregrado', 'Presencial', 'CARTAGENA', 'BOLIVAR');
INSERT INTO `programa` VALUES ('106', '040', 'DERECHO VESPERTINO', 'Pregrado', 'Presencial', 'CARTAGENA', 'BOLIVAR');
INSERT INTO `programa` VALUES ('107', '686', 'DOCTORADO EN CIENCIAS', 'Postgrado', 'Presencial', 'CARTAGENA', 'BOLIVAR');
INSERT INTO `programa` VALUES ('108', '229', 'DOCTORADO EN CIENCIAS BIOMEDICAS', 'Postgrado', 'Presencial', 'CARTAGENA', 'BOLIVAR');
INSERT INTO `programa` VALUES ('109', '122', 'DOCTORADO EN CIENCIAS DE LA EDUCACIÓN', 'Postgrado', 'Presencial', 'CARTAGENA', 'BOLIVAR');
INSERT INTO `programa` VALUES ('110', '684', 'DOCTORADO EN CIENCIAS FISICAS', 'Postgrado', 'Presencial', 'CARTAGENA', 'BOLIVAR');
INSERT INTO `programa` VALUES ('111', '196', 'DOCTORADO EN INGENIERIA', 'Postgrado', 'Presencial', 'CARTAGENA', 'BOLIVAR');
INSERT INTO `programa` VALUES ('112', '179', 'DOCTORADO EN MEDICINA TROPICAL', 'Postgrado', 'Presencial', 'CARTAGENA', 'BOLIVAR');
INSERT INTO `programa` VALUES ('113', '685', 'DOCTORADO EN TOXICOLOGIA AMBIENTAL', 'Postgrado', 'Presencial', 'CARTAGENA', 'BOLIVAR');
INSERT INTO `programa` VALUES ('114', '043', 'ECONOMIA', 'Pregrado', 'Presencial', 'CARTAGENA', 'BOLIVAR');
INSERT INTO `programa` VALUES ('115', '054', 'ENFERMERIA', 'Pregrado', 'Presencial', 'CARTAGENA', 'BOLIVAR');
INSERT INTO `programa` VALUES ('116', '186', 'ESPECIALIZACION EN ADMINISTRACION DE EMPRESAS', 'Postgrado', 'Presencial', 'CARTAGENA', 'BOLIVAR');
INSERT INTO `programa` VALUES ('117', '719', 'ESPECIALIZACION EN ADMINISTRACION FINANCIERA', 'Postgrado', 'Presencial', 'CARTAGENA', 'BOLIVAR');
INSERT INTO `programa` VALUES ('118', '153', 'ESPECIALIZACION EN ANESTESIOLOGÍA Y REANIMACION', 'Postgrado', 'Presencial', 'CARTAGENA', 'BOLIVAR');
INSERT INTO `programa` VALUES ('119', '162', 'ESPECIALIZACION EN CIENCIAS PENALES Y CRIMINOLOGICAS', 'Postgrado', 'Presencial', 'CARTAGENA', 'BOLIVAR');
INSERT INTO `programa` VALUES ('120', '152', 'ESPECIALIZACION EN CIRUGIA GENERAL', 'Postgrado', 'Presencial', 'CARTAGENA', 'BOLIVAR');
INSERT INTO `programa` VALUES ('121', '185', 'ESPECIALIZACION EN CONCILIACION, ARBITRAJE Y RESOLUCION DE CONFLICTO', 'Postgrado', 'Presencial', 'CARTAGENA', 'BOLIVAR');
INSERT INTO `programa` VALUES ('122', '103', 'ESPECIALIZACION EN CONVIVENCIA Y CONFLICTO SOCIAL', 'Postgrado', 'Presencial', 'CARTAGENA', 'BOLIVAR');
INSERT INTO `programa` VALUES ('123', '183', 'ESPECIALIZACION EN CUIDADO AL ADULTO Y NIÑO EN ESTADO CRITICO DE SALUD', 'Postgrado', 'Presencial', 'CARTAGENA', 'BOLIVAR');
INSERT INTO `programa` VALUES ('124', '146', 'ESPECIALIZACION EN DERECHO DE FAMILIA', 'Postgrado', 'Presencial', 'CARTAGENA', 'BOLIVAR');
INSERT INTO `programa` VALUES ('125', '124', 'ESPECIALIZACION EN ENDODONCIA', 'Postgrado', 'Presencial', 'CARTAGENA', 'BOLIVAR');
INSERT INTO `programa` VALUES ('126', '121', 'ESPECIALIZACION EN ENFERMERIA FAMILIAR Y COMUNITARIA', 'Postgrado', 'Presencial', 'CARTAGENA', 'BOLIVAR');
INSERT INTO `programa` VALUES ('127', '119', 'ESPECIALIZACION EN ENFERMERIA MEDICO QUIRURGICA CON ENFASIS EN CUIDADOS INTENSIVOS', 'Postgrado', 'Presencial', 'CARTAGENA', 'BOLIVAR');
INSERT INTO `programa` VALUES ('128', '125', 'ESPECIALIZACION EN ESTOMATOLOGIA Y CIRUGIA ORAL', 'Postgrado', 'Presencial', 'CARTAGENA', 'BOLIVAR');
INSERT INTO `programa` VALUES ('129', '174', 'ESPECIALIZACION EN ESTRUCTURAS', 'Postgrado', 'Presencial', 'CARTAGENA', 'BOLIVAR');
INSERT INTO `programa` VALUES ('130', '108', 'ESPECIALIZACION EN ESTUDIO Y GESTION DE LA CULTURA', 'Postgrado', 'Presencial', 'CARTAGENA', 'BOLIVAR');
INSERT INTO `programa` VALUES ('131', '176', 'ESPECIALIZACION EN ETICA Y FILOSOFIA POLITICA', 'Postgrado', 'Presencial', 'CARTAGENA', 'BOLIVAR');
INSERT INTO `programa` VALUES ('132', '110', 'ESPECIALIZACION EN FINANZAS', 'Postgrado', 'Presencial', 'CARTAGENA', 'BOLIVAR');
INSERT INTO `programa` VALUES ('133', '133', 'ESPECIALIZACION EN GERENCIA DE IMPUESTOS', 'Postgrado', 'Presencial', 'CARTAGENA', 'BOLIVAR');
INSERT INTO `programa` VALUES ('134', '163', 'ESPECIALIZACION EN GERENCIA DE PROYECTOS', 'Postgrado', 'Presencial', 'CARTAGENA', 'BOLIVAR');
INSERT INTO `programa` VALUES ('135', '263', 'ESPECIALIZACION EN GERENCIA DE PROYECTOS DE CONSTRUCCION', 'Postgrado', 'Presencial', 'CARTAGENA', 'BOLIVAR');
INSERT INTO `programa` VALUES ('136', '137', 'ESPECIALIZACION EN GERENCIA EN PUERTOS', 'Postgrado', 'Presencial', 'CARTAGENA', 'BOLIVAR');
INSERT INTO `programa` VALUES ('137', '111', 'ESPECIALIZACION EN GERENCIA EN SALUD', 'Postgrado', 'Presencial', 'CARTAGENA', 'BOLIVAR');
INSERT INTO `programa` VALUES ('138', '104', 'ESPECIALIZACION EN GESTION DE CENTROS EDUCATIVOS', 'Postgrado', 'Presencial', 'CARTAGENA', 'BOLIVAR');
INSERT INTO `programa` VALUES ('139', '109', 'ESPECIALIZACION EN GESTION DE LA CALIDAD Y AUDITORIA EN SALUD', 'Postgrado', 'Presencial', 'CARTAGENA', 'BOLIVAR');
INSERT INTO `programa` VALUES ('140', '115', 'ESPECIALIZACION EN GESTION DEL COMERCIO INTERNACIONAL Y DESARROLLO INDUSTRIAL', 'Postgrado', 'Presencial', 'CARTAGENA', 'BOLIVAR');
INSERT INTO `programa` VALUES ('141', '194', 'ESPECIALIZACION EN GESTION DEL RIESGO LABORAL', 'Postgrado', 'Presencial', 'CARTAGENA', 'BOLIVAR');
INSERT INTO `programa` VALUES ('142', '112', 'ESPECIALIZACION EN GESTION GERENCIAL', 'Postgrado', 'Presencial', 'CARTAGENA', 'BOLIVAR');
INSERT INTO `programa` VALUES ('143', '144', 'ESPECIALIZACION EN GESTION PUBLICA', 'Postgrado', 'Presencial', 'CARTAGENA', 'BOLIVAR');
INSERT INTO `programa` VALUES ('144', '151', 'ESPECIALIZACION EN GINECOLOGIA Y OBSTETRICIA', 'Postgrado', 'Presencial', 'CARTAGENA', 'BOLIVAR');
INSERT INTO `programa` VALUES ('145', '192', 'ESPECIALIZACION EN INGENIERIA DE AGUA POTABLE Y SANEAMIENTO BASICO', 'Postgrado', 'Presencial', 'CARTAGENA', 'BOLIVAR');
INSERT INTO `programa` VALUES ('146', '136', 'ESPECIALIZACION EN INGENIERIA DE VIAS TERRESTRES', 'Postgrado', 'Presencial', 'CARTAGENA', 'BOLIVAR');
INSERT INTO `programa` VALUES ('147', '166', 'ESPECIALIZACION EN INGENIERIA SANITARIA Y AMBIENTAL', 'Postgrado', 'Presencial', 'CARTAGENA', 'BOLIVAR');
INSERT INTO `programa` VALUES ('148', '150', 'ESPECIALIZACION EN MATEMATICAS AVANZADAS', 'Postgrado', 'Presencial', 'CARTAGENA', 'BOLIVAR');
INSERT INTO `programa` VALUES ('149', '154', 'ESPECIALIZACION EN MEDICINA INTERNA', 'Postgrado', 'Presencial', 'CARTAGENA', 'BOLIVAR');
INSERT INTO `programa` VALUES ('150', '165', 'ESPECIALIZACION EN NEUROCIRUGIA', 'Postgrado', 'Presencial', 'CARTAGENA', 'BOLIVAR');
INSERT INTO `programa` VALUES ('151', '147', 'ESPECIALIZACION EN ODONTOPEDIATRIA Y ORTOPEDIA MAXILAR', 'Postgrado', 'Presencial', 'CARTAGENA', 'BOLIVAR');
INSERT INTO `programa` VALUES ('152', '123', 'ESPECIALIZACION EN ORTODONCIA', 'Postgrado', 'Presencial', 'CARTAGENA', 'BOLIVAR');
INSERT INTO `programa` VALUES ('153', '156', 'ESPECIALIZACION EN ORTOPEDIA Y TRAUMATOLOGIA', 'Postgrado', 'Presencial', 'CARTAGENA', 'BOLIVAR');
INSERT INTO `programa` VALUES ('154', '157', 'ESPECIALIZACION EN OTORRINOLARINGOLOGIA', 'Postgrado', 'Presencial', 'CARTAGENA', 'BOLIVAR');
INSERT INTO `programa` VALUES ('155', '158', 'ESPECIALIZACION EN PATOLOGIA', 'Postgrado', 'Presencial', 'CARTAGENA', 'BOLIVAR');
INSERT INTO `programa` VALUES ('156', '159', 'ESPECIALIZACION EN PEDIATRIA', 'Postgrado', 'Presencial', 'CARTAGENA', 'BOLIVAR');
INSERT INTO `programa` VALUES ('157', '167', 'ESPECIALIZACION EN PSIQUIATRIA', 'Postgrado', 'Presencial', 'CARTAGENA', 'BOLIVAR');
INSERT INTO `programa` VALUES ('158', '161', 'ESPECIALIZACION EN RADIOLOGIA', 'Postgrado', 'Presencial', 'CARTAGENA', 'BOLIVAR');
INSERT INTO `programa` VALUES ('159', '193', 'ESPECIALIZACION EN RADIOLOGIA E IMAGENES DIAGNOSTICAS', 'Postgrado', 'Presencial', 'CARTAGENA', 'BOLIVAR');
INSERT INTO `programa` VALUES ('160', '114', 'ESPECIALIZACION EN REVISORIA FISCAL', 'Postgrado', 'Presencial', 'CARTAGENA', 'BOLIVAR');
INSERT INTO `programa` VALUES ('161', '120', 'ESPECIALIZACION EN SALUD OCUPACIONAL', 'Postgrado', 'Presencial', 'CARTAGENA', 'BOLIVAR');
INSERT INTO `programa` VALUES ('162', '145', 'ESPECIALIZACION EN SEGURIDAD SOCIAL', 'Postgrado', 'Presencial', 'CARTAGENA', 'BOLIVAR');
INSERT INTO `programa` VALUES ('163', '160', 'ESPECIALIZACION EN UROLOGIA', 'Postgrado', 'Presencial', 'CARTAGENA', 'BOLIVAR');
INSERT INTO `programa` VALUES ('164', '132', 'ESPECIALIZACIÓN EN QUIMICA ANALITICA', 'Postgrado', 'Presencial', 'CARTAGENA', 'BOLIVAR');
INSERT INTO `programa` VALUES ('165', '046', 'FILOSOFIA', 'Pregrado', 'Presencial', 'CARTAGENA', 'BOLIVAR');
INSERT INTO `programa` VALUES ('166', '048', 'HISTORIA', 'Pregrado', 'Presencial', 'CARTAGENA', 'BOLIVAR');
INSERT INTO `programa` VALUES ('167', '021', 'INGENIERIA CIVIL', 'Pregrado', 'Presencial', 'CARTAGENA', 'BOLIVAR');
INSERT INTO `programa` VALUES ('168', '011', 'INGENIERIA DE ALIMENTOS', 'Pregrado', 'Presencial', 'CARTAGENA', 'BOLIVAR');
INSERT INTO `programa` VALUES ('169', '022', 'INGENIERIA DE SISTEMAS', 'Pregrado', 'Presencial', 'CARTAGENA', 'BOLIVAR');
INSERT INTO `programa` VALUES ('170', '466', 'INGENIERIA DE SISTEMAS - ACHI', 'Pregrado', 'Distancia', 'ACHI', 'BOLIVAR');
INSERT INTO `programa` VALUES ('171', '479', 'INGENIERIA DE SISTEMAS - BAYUNCA', 'Pregrado', 'Distancia', 'CARTAGENA', 'BOLIVAR');
INSERT INTO `programa` VALUES ('172', '475', 'INGENIERIA DE SISTEMAS - CARMELO', 'Pregrado', 'Distancia', 'CARTAGENA', 'BOLIVAR');
INSERT INTO `programa` VALUES ('173', '463', 'INGENIERIA DE SISTEMAS - CARMEN DE BOLIVAR', 'Pregrado', 'Distancia', 'EL CARMEN DE BOLIVAR', 'BOLIVAR');
INSERT INTO `programa` VALUES ('174', '415', 'INGENIERIA DE SISTEMAS - CARTAGENA', 'Pregrado', 'Distancia', 'CARTAGENA', 'BOLIVAR');
INSERT INTO `programa` VALUES ('175', '473', 'INGENIERIA DE SISTEMAS - CERES BOCACHICA', 'Pregrado', 'Distancia', 'CARTAGENA', 'BOLIVAR');
INSERT INTO `programa` VALUES ('176', '477', 'INGENIERIA DE SISTEMAS - CERES BOSQUE', 'Pregrado', 'Distancia', 'CARTAGENA', 'BOLIVAR');
INSERT INTO `programa` VALUES ('177', '478', 'INGENIERIA DE SISTEMAS - CERES DANIEL LEMAITRE', 'Pregrado', 'Distancia', 'CARTAGENA', 'BOLIVAR');
INSERT INTO `programa` VALUES ('178', '476', 'INGENIERIA DE SISTEMAS - CERES OLAYA', 'Pregrado', 'Distancia', 'CARTAGENA', 'BOLIVAR');
INSERT INTO `programa` VALUES ('179', '472', 'INGENIERIA DE SISTEMAS - CERES PASACABALLOS', 'Pregrado', 'Distancia', 'CARTAGENA', 'BOLIVAR');
INSERT INTO `programa` VALUES ('180', '471', 'INGENIERIA DE SISTEMAS - CERES POZóN', 'Pregrado', 'Distancia', 'CARTAGENA', 'BOLIVAR');
INSERT INTO `programa` VALUES ('181', '474', 'INGENIERIA DE SISTEMAS - CERES SAN JOSE DE LOS CAMPANOS', 'Pregrado', 'Distancia', 'CARTAGENA', 'BOLIVAR');
INSERT INTO `programa` VALUES ('182', '603', 'INGENIERIA DE SISTEMAS - CERETÉ', 'Pregrado', 'Distancia', 'CERETE', 'CÓRDOBA');
INSERT INTO `programa` VALUES ('183', '468', 'INGENIERIA DE SISTEMAS - CLEMENCIA', 'Pregrado', 'Distancia', 'CLEMENCIA', 'BOLIVAR');
INSERT INTO `programa` VALUES ('184', '416', 'INGENIERIA DE SISTEMAS - COVEÑA', 'Pregrado', 'Distancia', 'COVEÑAS', 'SUCRE');
INSERT INTO `programa` VALUES ('185', '467', 'INGENIERIA DE SISTEMAS - LORICA', 'Pregrado', 'Distancia', 'LORICA', 'CÓRDOBA');
INSERT INTO `programa` VALUES ('186', '460', 'INGENIERIA DE SISTEMAS - MAGANGUE', 'Pregrado', 'Distancia', 'MAGANGUE', 'BOLIVAR');
INSERT INTO `programa` VALUES ('187', '654', 'INGENIERIA DE SISTEMAS - MARIA LA BAJA', 'Pregrado', 'Distancia', 'MARIA LA BAJA', 'BOLIVAR');
INSERT INTO `programa` VALUES ('188', '592', 'INGENIERIA DE SISTEMAS - MOMPOX', 'Pregrado', 'Distancia', 'MOMPOX', 'BOLIVAR');
INSERT INTO `programa` VALUES ('189', '673', 'INGENIERIA DE SISTEMAS - NECHI', 'Pregrado', 'Distancia', 'NECHI', 'ANTIOQUIA');
INSERT INTO `programa` VALUES ('190', '470', 'INGENIERIA DE SISTEMAS - NELSON MANDELA', 'Pregrado', 'Distancia', 'CARTAGENA', 'BOLIVAR');
INSERT INTO `programa` VALUES ('191', '465', 'INGENIERIA DE SISTEMAS - PINILLOS', 'Pregrado', 'Distancia', 'PINILLOS', 'BOLIVAR');
INSERT INTO `programa` VALUES ('192', '462', 'INGENIERIA DE SISTEMAS - SAN ESTANISLAO', 'Pregrado', 'Distancia', 'SAN ESTANISLAO', 'BOLIVAR');
INSERT INTO `programa` VALUES ('193', '306', 'INGENIERIA DE SISTEMAS - SAN JACINTO DEL CAUCA', 'Pregrado', 'Distancia', 'SAN JACINTO DEL CAUCA', 'BOLIVAR');
INSERT INTO `programa` VALUES ('194', '224', 'INGENIERIA DE SISTEMAS - SAN JUAN NEPOMUCENO', 'Pregrado', 'Distancia', 'SAN JUAN NEPOMUCENO', 'BOLIVAR');
INSERT INTO `programa` VALUES ('195', '461', 'INGENIERIA DE SISTEMAS - SAN MARCOS', 'Pregrado', 'Distancia', 'SAN MARCOS', 'SUCRE');
INSERT INTO `programa` VALUES ('196', '656', 'INGENIERIA DE SISTEMAS - SAN PELAYO', 'Pregrado', 'Distancia', 'SAN PELAYO', 'CÓRDOBA');
INSERT INTO `programa` VALUES ('197', '464', 'INGENIERIA DE SISTEMAS - SINCE', 'Pregrado', 'Distancia', 'SINCE', 'SUCRE');
INSERT INTO `programa` VALUES ('198', '459', 'INGENIERIA DE SISTEMAS - TURBACO', 'Pregrado', 'Distancia', 'TURBACO', 'BOLIVAR');
INSERT INTO `programa` VALUES ('199', '023', 'INGENIERIA QUIMICA', 'Pregrado', 'Presencial', 'CARTAGENA', 'BOLIVAR');
INSERT INTO `programa` VALUES ('200', '688', 'LICENCIATURA EN EDUCACIÓN CON ENFASIS EN CIENCIAS SOCIALES Y AMBIENTALES', 'Pregrado', 'Presencial', 'CARTAGENA', 'BOLIVAR');
INSERT INTO `programa` VALUES ('201', '047', 'LINGUISTICA Y LITERATURA', 'Pregrado', 'Presencial', 'CARTAGENA', 'BOLIVAR');
INSERT INTO `programa` VALUES ('202', '118', 'MAESTRIA EN ADMINISTRACION', 'Postgrado', 'Presencial', 'CARTAGENA', 'BOLIVAR');
INSERT INTO `programa` VALUES ('203', '672', 'MAESTRIA EN BIOQUIMICA', 'Postgrado', 'Presencial', 'CARTAGENA', 'BOLIVAR');
INSERT INTO `programa` VALUES ('204', '135', 'MAESTRIA EN CIENCIAS AMBIENTALES', 'Postgrado', 'Presencial', 'CARTAGENA', 'BOLIVAR');
INSERT INTO `programa` VALUES ('205', '129', 'MAESTRIA EN CIENCIAS FARMACEUTICAS', 'Postgrado', 'Presencial', 'CARTAGENA', 'BOLIVAR');
INSERT INTO `programa` VALUES ('206', '140', 'MAESTRIA EN CIENCIAS FISICAS', 'Postgrado', 'Presencial', 'CARTAGENA', 'BOLIVAR');
INSERT INTO `programa` VALUES ('207', '190', 'MAESTRIA EN CONFLICTO SOCIAL Y CONSTRUCCION DE PAZ', 'Postgrado', 'Presencial', 'CARTAGENA', 'BOLIVAR');
INSERT INTO `programa` VALUES ('208', '191', 'MAESTRIA EN DERECHO', 'Postgrado', 'Presencial', 'CARTAGENA', 'BOLIVAR');
INSERT INTO `programa` VALUES ('209', '138', 'MAESTRIA EN EDUCACION', 'Postgrado', 'Presencial', 'CARTAGENA', 'BOLIVAR');
INSERT INTO `programa` VALUES ('210', '195', 'MAESTRIA EN EDUCACION CON ENFASIS EN CIENCIAS EXACTAS,  NATURALES Y DEL LENGUAJE', 'Postgrado', 'Presencial', 'CARTAGENA', 'BOLIVAR');
INSERT INTO `programa` VALUES ('211', '707', 'MAESTRIA EN ENFERMERIA', 'Postgrado', 'Presencial', 'CARTAGENA', 'BOLIVAR');
INSERT INTO `programa` VALUES ('212', '168', 'MAESTRIA EN FARMACOLOGIA', 'Postgrado', 'Presencial', 'CARTAGENA', 'BOLIVAR');
INSERT INTO `programa` VALUES ('213', '689', 'MAESTRIA EN GESTION DE ORGANIZACIONES', 'Postgrado', 'Presencial', 'CARTAGENA', 'BOLIVAR');
INSERT INTO `programa` VALUES ('214', '148', 'MAESTRIA EN INGENIERIA AMBIENTAL', 'Postgrado', 'Presencial', 'CARTAGENA', 'BOLIVAR');
INSERT INTO `programa` VALUES ('215', '170', 'MAESTRIA EN INMUNOLOGIA', 'Postgrado', 'Presencial', 'CARTAGENA', 'BOLIVAR');
INSERT INTO `programa` VALUES ('216', '101', 'MAESTRIA EN LA EDUCACION', 'Postgrado', 'Presencial', 'CARTAGENA', 'BOLIVAR');
INSERT INTO `programa` VALUES ('217', '171', 'MAESTRIA EN MATEMATICAS', 'Postgrado', 'Presencial', 'CARTAGENA', 'BOLIVAR');
INSERT INTO `programa` VALUES ('218', '177', 'MAESTRIA EN MICROBIOLOGIA', 'Postgrado', 'Presencial', 'CARTAGENA', 'BOLIVAR');
INSERT INTO `programa` VALUES ('219', '127', 'MAESTRIA EN QUIMICA', 'Postgrado', 'Presencial', 'CARTAGENA', 'BOLIVAR');
INSERT INTO `programa` VALUES ('220', '197', 'MAESTRIA EN TOXICOLOGIA', 'Postgrado', 'Presencial', 'CARTAGENA', 'BOLIVAR');
INSERT INTO `programa` VALUES ('221', '020', 'MATEMATICAS', 'Pregrado', 'Presencial', 'CARTAGENA', 'BOLIVAR');
INSERT INTO `programa` VALUES ('222', '051', 'MEDICINA', 'Pregrado', 'Presencial', 'CARTAGENA', 'BOLIVAR');
INSERT INTO `programa` VALUES ('223', '052', 'ODONTOLOGIA', 'Pregrado', 'Presencial', 'CARTAGENA', 'BOLIVAR');
INSERT INTO `programa` VALUES ('224', '727', 'PROFESIONAL UNIVERSITARIO EN LENGUAS EXTRANJERAS', 'Pregrado', 'Presencial', 'CARTAGENA', 'BOLIVAR');
INSERT INTO `programa` VALUES ('225', '019', 'QUIMICA', 'Pregrado', 'Presencial', 'CARTAGENA', 'BOLIVAR');
INSERT INTO `programa` VALUES ('226', '053', 'QUIMICA FARMACEUTICA', 'Pregrado', 'Presencial', 'CARTAGENA', 'BOLIVAR');
INSERT INTO `programa` VALUES ('227', '709', 'TECNICA  PROFESIONAL EN PRODUCCION  AGRICOLA ECOLOGICA - CARTAGENA', 'Pregrado', 'Distancia', 'CARTAGENA', 'BOLIVAR');
INSERT INTO `programa` VALUES ('228', '710', 'TECNICA  PROFESIONAL EN PRODUCCION  AGRICOLA ECOLOGICA - CERETE', 'Pregrado', 'Distancia', 'CERETE', 'CÓRDOBA');
INSERT INTO `programa` VALUES ('229', '712', 'TECNICA  PROFESIONAL EN PRODUCCION  AGRICOLA ECOLOGICA - MAGANGUE', 'Pregrado', 'Distancia', 'MAGANGUE', 'BOLIVAR');
INSERT INTO `programa` VALUES ('230', '713', 'TECNICA  PROFESIONAL EN PRODUCCION  AGRICOLA ECOLOGICA - SANTA ROSA DEL SUR', 'Pregrado', 'Distancia', 'SANTA ROSA DEL SUR', 'BOLIVAR');
INSERT INTO `programa` VALUES ('231', '691', 'TECNICA  PROFESIONAL EN PRODUCCION  AGRICOLA ECOLOGICA - TURBACO', 'Pregrado', 'Distancia', 'TURBACO', 'BOLIVAR');
INSERT INTO `programa` VALUES ('232', '711', 'TECNICA  PROFESIONAL EN PRODUCCION  AGRICOLA ECOLOGICA- CARMEN DE BOLIVAR', 'Pregrado', 'Distancia', 'EL CARMEN DE BOLIVAR', 'BOLIVAR');
INSERT INTO `programa` VALUES ('233', '722', 'TECNICA  PROFESIONAL EN PRODUCCION  AGRICOLA ECOLOGICA- SAN JUAN NEPOMUCENO', 'Pregrado', 'Distancia', 'SAN JUAN NEPOMUCENO', 'BOLIVAR');
INSERT INTO `programa` VALUES ('234', '687', 'TECNICA PROFESIONAL EN OPERACION DE PROCESOS PETROQUIMICOS', 'Pregrado', 'Presencial', 'CARTAGENA', 'BOLIVAR');
INSERT INTO `programa` VALUES ('235', '334', 'TECNICA PROFESIONAL EN PROCESOS DE GESTION PUBLICA - ACHÍ', 'Pregrado', 'Distancia', 'ACHI', 'BOLIVAR');
INSERT INTO `programa` VALUES ('236', '489', 'TECNICA PROFESIONAL EN PROCESOS DE GESTION PUBLICA - CARMELO', 'Pregrado', 'Distancia', 'CARTAGENA', 'BOLIVAR');
INSERT INTO `programa` VALUES ('237', '250', 'TECNICA PROFESIONAL EN PROCESOS DE GESTION PUBLICA - CARMEN DE BOLIVAR', 'Pregrado', 'Distancia', 'EL CARMEN DE BOLIVAR', 'BOLIVAR');
INSERT INTO `programa` VALUES ('238', '202', 'TECNICA PROFESIONAL EN PROCESOS DE GESTION PUBLICA - CARTAGENA', 'Pregrado', 'Distancia', 'CARTAGENA', 'BOLIVAR');
INSERT INTO `programa` VALUES ('239', '493', 'TECNICA PROFESIONAL EN PROCESOS DE GESTION PUBLICA - CERES BAYUNCA', 'Pregrado', 'Distancia', 'CARTAGENA', 'BOLIVAR');
INSERT INTO `programa` VALUES ('240', '487', 'TECNICA PROFESIONAL EN PROCESOS DE GESTION PUBLICA - CERES BOCACHICA', 'Pregrado', 'Distancia', 'CARTAGENA', 'BOLIVAR');
INSERT INTO `programa` VALUES ('241', '491', 'TECNICA PROFESIONAL EN PROCESOS DE GESTION PUBLICA - CERES BOSQUE', 'Pregrado', 'Distancia', 'CARTAGENA', 'BOLIVAR');
INSERT INTO `programa` VALUES ('242', '492', 'TECNICA PROFESIONAL EN PROCESOS DE GESTION PUBLICA - CERES DANIEL LEMETRE', 'Pregrado', 'Distancia', 'CARTAGENA', 'BOLIVAR');
INSERT INTO `programa` VALUES ('243', '339', 'TECNICA PROFESIONAL EN PROCESOS DE GESTION PUBLICA - CERES NELSON MANDELA', 'Pregrado', 'Distancia', 'CARTAGENA', 'BOLIVAR');
INSERT INTO `programa` VALUES ('244', '490', 'TECNICA PROFESIONAL EN PROCESOS DE GESTION PUBLICA - CERES OLAYA', 'Pregrado', 'Distancia', 'CARTAGENA', 'BOLIVAR');
INSERT INTO `programa` VALUES ('245', '340', 'TECNICA PROFESIONAL EN PROCESOS DE GESTION PUBLICA - CERES PASACABALLOS', 'Pregrado', 'Distancia', 'CARTAGENA', 'BOLIVAR');
INSERT INTO `programa` VALUES ('246', '338', 'TECNICA PROFESIONAL EN PROCESOS DE GESTION PUBLICA - CERES POZóN', 'Pregrado', 'Distancia', 'CARTAGENA', 'BOLIVAR');
INSERT INTO `programa` VALUES ('247', '488', 'TECNICA PROFESIONAL EN PROCESOS DE GESTION PUBLICA - CERES SAN JOSE DE LOS CAMPANOS', 'Pregrado', 'Distancia', 'CARTAGENA', 'BOLIVAR');
INSERT INTO `programa` VALUES ('248', '601', 'TECNICA PROFESIONAL EN PROCESOS DE GESTION PUBLICA - CERETÉ', 'Pregrado', 'Distancia', 'CERETE', 'CÓRDOBA');
INSERT INTO `programa` VALUES ('249', '335', 'TECNICA PROFESIONAL EN PROCESOS DE GESTION PUBLICA - CLEMENCIA', 'Pregrado', 'Distancia', 'CLEMENCIA', 'BOLIVAR');
INSERT INTO `programa` VALUES ('250', '721', 'TECNICA PROFESIONAL EN PROCESOS DE GESTION PUBLICA - COVEÑAS', 'Pregrado', 'Distancia', 'COVEÑAS', 'SUCRE');
INSERT INTO `programa` VALUES ('251', '245', 'TECNICA PROFESIONAL EN PROCESOS DE GESTION PUBLICA - LORICA', 'Pregrado', 'Distancia', 'LORICA', 'CÓRDOBA');
INSERT INTO `programa` VALUES ('252', '246', 'TECNICA PROFESIONAL EN PROCESOS DE GESTION PUBLICA - MAGANGUE', 'Pregrado', 'Distancia', 'MAGANGUE', 'BOLIVAR');
INSERT INTO `programa` VALUES ('253', '331', 'TECNICA PROFESIONAL EN PROCESOS DE GESTION PUBLICA - MARIA LA BAJA', 'Pregrado', 'Distancia', 'MARIA LA BAJA', 'BOLIVAR');
INSERT INTO `programa` VALUES ('254', '663', 'TECNICA PROFESIONAL EN PROCESOS DE GESTION PUBLICA - MOMPOX', 'Pregrado', 'Distancia', 'MOMPOX', 'BOLIVAR');
INSERT INTO `programa` VALUES ('255', '676', 'TECNICA PROFESIONAL EN PROCESOS DE GESTION PUBLICA - NECHI', 'Pregrado', 'Distancia', 'NECHI', 'ANTIOQUIA');
INSERT INTO `programa` VALUES ('256', '333', 'TECNICA PROFESIONAL EN PROCESOS DE GESTION PUBLICA - PINILLOS', 'Pregrado', 'Distancia', 'PINILLOS', 'BOLIVAR');
INSERT INTO `programa` VALUES ('257', '249', 'TECNICA PROFESIONAL EN PROCESOS DE GESTION PUBLICA - SAN ESTANISLAO', 'Pregrado', 'Distancia', 'SAN ESTANISLAO', 'BOLIVAR');
INSERT INTO `programa` VALUES ('258', '623', 'TECNICA PROFESIONAL EN PROCESOS DE GESTION PUBLICA - SAN JACINTO DEL CAUCA', 'Pregrado', 'Distancia', 'SAN JACINTO DEL CAUCA', 'BOLIVAR');
INSERT INTO `programa` VALUES ('259', '336', 'TECNICA PROFESIONAL EN PROCESOS DE GESTION PUBLICA - SAN JUAN NEPOMUCENO', 'Pregrado', 'Distancia', 'SAN JUAN NEPOMUCENO', 'BOLIVAR');
INSERT INTO `programa` VALUES ('260', '247', 'TECNICA PROFESIONAL EN PROCESOS DE GESTION PUBLICA - SAN MARCOS', 'Pregrado', 'Distancia', 'SAN MARCOS', 'SUCRE');
INSERT INTO `programa` VALUES ('261', '660', 'TECNICA PROFESIONAL EN PROCESOS DE GESTION PUBLICA - SAN PELAYO', 'Pregrado', 'Distancia', 'SAN PELAYO', 'CÓRDOBA');
INSERT INTO `programa` VALUES ('262', '248', 'TECNICA PROFESIONAL EN PROCESOS DE GESTION PUBLICA - SIMITI', 'Pregrado', 'Distancia', 'SIMITI', 'BOLIVAR');
INSERT INTO `programa` VALUES ('263', '332', 'TECNICA PROFESIONAL EN PROCESOS DE GESTION PUBLICA - SINCE', 'Pregrado', 'Distancia', 'SINCE', 'SUCRE');
INSERT INTO `programa` VALUES ('264', '337', 'TECNICA PROFESIONAL EN PROCESOS DE GESTION PUBLICA - TALAIGUA NUEVO', 'Pregrado', 'Distancia', 'TALAIGUA NUEVO', 'BOLIVAR');
INSERT INTO `programa` VALUES ('265', '209', 'TECNICA PROFESIONAL EN PROCESOS DE GESTION PUBLICA - TURBACO', 'Pregrado', 'Distancia', 'TURBACO', 'BOLIVAR');
INSERT INTO `programa` VALUES ('266', '697', 'TECNICA PROFESIONAL EN PROCESOS METROLOGICOS', 'Pregrado', 'Presencial', 'CARTAGENA', 'BOLIVAR');
INSERT INTO `programa` VALUES ('267', '736', 'TECNICA PROFESIONAL EN PRODUCCION  AGRICOLA ECOLOGICA -MAGANGUE', 'Pregrado', 'Distancia', 'MAGANGUE', 'BOLIVAR');
INSERT INTO `programa` VALUES ('268', '363', 'TECNICO LABORAL EN PROCES. Y CONSER. DE PRODUC. ACUICOLAS Y PESQUEROS - ACHÍ', 'Pregrado', 'Distancia', 'ACHI', 'BOLIVAR');
INSERT INTO `programa` VALUES ('269', '620', 'TECNICO LABORAL EN PROCES. Y CONSER. DE PRODUC. ACUICOLAS Y PESQUEROS - CAIMITO', 'Pregrado', 'Distancia', 'CAIMITO', 'SUCRE');
INSERT INTO `programa` VALUES ('270', '359', 'TECNICO LABORAL EN PROCES. Y CONSER. DE PRODUC. ACUICOLAS Y PESQUEROS - CARMEN DE BOLIVAR', 'Pregrado', 'Distancia', 'EL CARMEN DE BOLIVAR', 'BOLIVAR');
INSERT INTO `programa` VALUES ('271', '368', 'TECNICO LABORAL EN PROCES. Y CONSER. DE PRODUC. ACUICOLAS Y PESQUEROS - CERES NELSON MANDELA', 'Pregrado', 'Distancia', 'CARTAGENA', 'BOLIVAR');
INSERT INTO `programa` VALUES ('272', '369', 'TECNICO LABORAL EN PROCES. Y CONSER. DE PRODUC. ACUICOLAS Y PESQUEROS - CERES PASACABALLOS', 'Pregrado', 'Distancia', 'CARTAGENA', 'BOLIVAR');
INSERT INTO `programa` VALUES ('273', '367', 'TECNICO LABORAL EN PROCES. Y CONSER. DE PRODUC. ACUICOLAS Y PESQUEROS - CERES POZóN', 'Pregrado', 'Distancia', 'CARTAGENA', 'BOLIVAR');
INSERT INTO `programa` VALUES ('274', '364', 'TECNICO LABORAL EN PROCES. Y CONSER. DE PRODUC. ACUICOLAS Y PESQUEROS - CLEMENCIA', 'Pregrado', 'Distancia', 'CLEMENCIA', 'BOLIVAR');
INSERT INTO `programa` VALUES ('275', '619', 'TECNICO LABORAL EN PROCES. Y CONSER. DE PRODUC. ACUICOLAS Y PESQUEROS - GALERAS', 'Pregrado', 'Distancia', 'GALERAS', 'SUCRE');
INSERT INTO `programa` VALUES ('276', '621', 'TECNICO LABORAL EN PROCES. Y CONSER. DE PRODUC. ACUICOLAS Y PESQUEROS - LA UNION', 'Pregrado', 'Distancia', 'LA UNION', 'SUCRE');
INSERT INTO `programa` VALUES ('277', '622', 'TECNICO LABORAL EN PROCES. Y CONSER. DE PRODUC. ACUICOLAS Y PESQUEROS - LA UNION', 'Pregrado', 'Distancia', 'LA UNION', 'SUCRE');
INSERT INTO `programa` VALUES ('278', '252', 'TECNICO LABORAL EN PROCES. Y CONSER. DE PRODUC. ACUICOLAS Y PESQUEROS - LORICA', 'Pregrado', 'Distancia', 'LORICA', 'CÓRDOBA');
INSERT INTO `programa` VALUES ('279', '257', 'TECNICO LABORAL EN PROCES. Y CONSER. DE PRODUC. ACUICOLAS Y PESQUEROS - MAGANGUE', 'Pregrado', 'Distancia', 'MAGANGUE', 'BOLIVAR');
INSERT INTO `programa` VALUES ('280', '360', 'TECNICO LABORAL EN PROCES. Y CONSER. DE PRODUC. ACUICOLAS Y PESQUEROS - MARIA LA BAJA', 'Pregrado', 'Distancia', 'MARIA LA BAJA', 'BOLIVAR');
INSERT INTO `programa` VALUES ('281', '362', 'TECNICO LABORAL EN PROCES. Y CONSER. DE PRODUC. ACUICOLAS Y PESQUEROS - PINILLOS', 'Pregrado', 'Distancia', 'PINILLOS', 'BOLIVAR');
INSERT INTO `programa` VALUES ('282', '358', 'TECNICO LABORAL EN PROCES. Y CONSER. DE PRODUC. ACUICOLAS Y PESQUEROS - SAN ESTANISLAO', 'Pregrado', 'Distancia', 'SAN ESTANISLAO', 'BOLIVAR');
INSERT INTO `programa` VALUES ('283', '365', 'TECNICO LABORAL EN PROCES. Y CONSER. DE PRODUC. ACUICOLAS Y PESQUEROS - SAN JUAN NEPOMUCENO', 'Pregrado', 'Distancia', 'SAN JUAN NEPOMUCENO', 'BOLIVAR');
INSERT INTO `programa` VALUES ('284', '356', 'TECNICO LABORAL EN PROCES. Y CONSER. DE PRODUC. ACUICOLAS Y PESQUEROS - SAN MARCOS', 'Pregrado', 'Distancia', 'SAN MARCOS', 'SUCRE');
INSERT INTO `programa` VALUES ('285', '357', 'TECNICO LABORAL EN PROCES. Y CONSER. DE PRODUC. ACUICOLAS Y PESQUEROS - SIMITI', 'Pregrado', 'Distancia', 'SIMITI', 'BOLIVAR');
INSERT INTO `programa` VALUES ('286', '361', 'TECNICO LABORAL EN PROCES. Y CONSER. DE PRODUC. ACUICOLAS Y PESQUEROS - SINCE', 'Pregrado', 'Distancia', 'SINCE', 'SUCRE');
INSERT INTO `programa` VALUES ('287', '366', 'TECNICO LABORAL EN PROCES. Y CONSER. DE PRODUC. ACUICOLAS Y PESQUEROS - TALAIGUA NUEVO', 'Pregrado', 'Distancia', 'TALAIGUA NUEVO', 'BOLIVAR');
INSERT INTO `programa` VALUES ('288', '214', 'TECNICO LABORAL EN PROCES. Y CONSER. DE PRODUC. ACUICOLAS Y PESQUEROS - TURBACO', 'Pregrado', 'Distancia', 'TURBACO', 'BOLIVAR');
INSERT INTO `programa` VALUES ('289', '598', 'TECNICO LABORAL EN PROCES. Y CONSER. DE PRODUC. ACUICOLAS Y PESQUEROS - ZAMBRANO', 'Pregrado', 'Distancia', 'ZAMBRANO', 'BOLIVAR');
INSERT INTO `programa` VALUES ('290', '348', 'TECNICO LABORAL EN PROCESAMIENTO CONCENTRADO PARA PECES Y ESPECIES MENORES - ACHÍ', 'Pregrado', 'Distancia', 'ACHI', 'BOLIVAR');
INSERT INTO `programa` VALUES ('291', '614', 'TECNICO LABORAL EN PROCESAMIENTO CONCENTRADO PARA PECES Y ESPECIES MENORES - CAIMITO', 'Pregrado', 'Distancia', 'CAIMITO', 'SUCRE');
INSERT INTO `programa` VALUES ('292', '344', 'TECNICO LABORAL EN PROCESAMIENTO CONCENTRADO PARA PECES Y ESPECIES MENORES - CARMEN DE BOLIVAR', 'Pregrado', 'Distancia', 'EL CARMEN DE BOLIVAR', 'BOLIVAR');
INSERT INTO `programa` VALUES ('293', '018', 'TECNICO LABORAL EN PROCESAMIENTO CONCENTRADO PARA PECES Y ESPECIES MENORES - CARTAGENA', 'Pregrado', 'Distancia', 'CARTAGENA', 'BOLIVAR');
INSERT INTO `programa` VALUES ('294', '353', 'TECNICO LABORAL EN PROCESAMIENTO CONCENTRADO PARA PECES Y ESPECIES MENORES - CERES NELSON MAND.', 'Pregrado', 'Distancia', 'CARTAGENA', 'BOLIVAR');
INSERT INTO `programa` VALUES ('295', '354', 'TECNICO LABORAL EN PROCESAMIENTO CONCENTRADO PARA PECES Y ESPECIES MENORES - CERES PASACABALLOS', 'Pregrado', 'Distancia', 'CARTAGENA', 'BOLIVAR');
INSERT INTO `programa` VALUES ('296', '352', 'TECNICO LABORAL EN PROCESAMIENTO CONCENTRADO PARA PECES Y ESPECIES MENORES - CERES POZóN', 'Pregrado', 'Distancia', 'CARTAGENA', 'BOLIVAR');
INSERT INTO `programa` VALUES ('297', '349', 'TECNICO LABORAL EN PROCESAMIENTO CONCENTRADO PARA PECES Y ESPECIES MENORES - CLEMENCIA', 'Pregrado', 'Distancia', 'CLEMENCIA', 'BOLIVAR');
INSERT INTO `programa` VALUES ('298', '613', 'TECNICO LABORAL EN PROCESAMIENTO CONCENTRADO PARA PECES Y ESPECIES MENORES - GALERAS', 'Pregrado', 'Distancia', 'GALERAS', 'SUCRE');
INSERT INTO `programa` VALUES ('299', '615', 'TECNICO LABORAL EN PROCESAMIENTO CONCENTRADO PARA PECES Y ESPECIES MENORES - LA UNION', 'Pregrado', 'Distancia', 'LA UNION', 'SUCRE');
INSERT INTO `programa` VALUES ('300', '251', 'TECNICO LABORAL EN PROCESAMIENTO CONCENTRADO PARA PECES Y ESPECIES MENORES - LORICA', 'Pregrado', 'Distancia', 'LORICA', 'CÓRDOBA');
INSERT INTO `programa` VALUES ('301', '256', 'TECNICO LABORAL EN PROCESAMIENTO CONCENTRADO PARA PECES Y ESPECIES MENORES - MAGANGUE', 'Pregrado', 'Distancia', 'MAGANGUE', 'BOLIVAR');
INSERT INTO `programa` VALUES ('302', '345', 'TECNICO LABORAL EN PROCESAMIENTO CONCENTRADO PARA PECES Y ESPECIES MENORES - MARIA LA BAJA', 'Pregrado', 'Distancia', 'MARIA LA BAJA', 'BOLIVAR');
INSERT INTO `programa` VALUES ('303', '347', 'TECNICO LABORAL EN PROCESAMIENTO CONCENTRADO PARA PECES Y ESPECIES MENORES - PINILLOS', 'Pregrado', 'Distancia', 'PINILLOS', 'BOLIVAR');
INSERT INTO `programa` VALUES ('304', '343', 'TECNICO LABORAL EN PROCESAMIENTO CONCENTRADO PARA PECES Y ESPECIES MENORES - SAN ESTANISLAO', 'Pregrado', 'Distancia', 'SAN ESTANISLAO', 'BOLIVAR');
INSERT INTO `programa` VALUES ('305', '350', 'TECNICO LABORAL EN PROCESAMIENTO CONCENTRADO PARA PECES Y ESPECIES MENORES - SAN JUAN NEPOMUCENO', 'Pregrado', 'Distancia', 'SAN JUAN NEPOMUCENO', 'BOLIVAR');
INSERT INTO `programa` VALUES ('306', '341', 'TECNICO LABORAL EN PROCESAMIENTO CONCENTRADO PARA PECES Y ESPECIES MENORES - SAN MARCOS', 'Pregrado', 'Distancia', 'SAN MARCOS', 'SUCRE');
INSERT INTO `programa` VALUES ('307', '610', 'TECNICO LABORAL EN PROCESAMIENTO CONCENTRADO PARA PECES Y ESPECIES MENORES - SAN ONOFRE', 'Pregrado', 'Distancia', 'SAN ONOFRE', 'SUCRE');
INSERT INTO `programa` VALUES ('308', '342', 'TECNICO LABORAL EN PROCESAMIENTO CONCENTRADO PARA PECES Y ESPECIES MENORES - SIMITI', 'Pregrado', 'Distancia', 'SIMITI', 'BOLIVAR');
INSERT INTO `programa` VALUES ('309', '346', 'TECNICO LABORAL EN PROCESAMIENTO CONCENTRADO PARA PECES Y ESPECIES MENORES - SINCE', 'Pregrado', 'Distancia', 'SINCE', 'SUCRE');
INSERT INTO `programa` VALUES ('310', '351', 'TECNICO LABORAL EN PROCESAMIENTO CONCENTRADO PARA PECES Y ESPECIES MENORES - TALAIGUA NUEVO', 'Pregrado', 'Distancia', 'TALAIGUA NUEVO', 'BOLIVAR');
INSERT INTO `programa` VALUES ('311', '611', 'TECNICO LABORAL EN PROCESAMIENTO CONCENTRADO PARA PECES Y ESPECIES MENORES - TOLU', 'Pregrado', 'Distancia', 'SANTIAGO DE TOLU', 'SUCRE');
INSERT INTO `programa` VALUES ('312', '612', 'TECNICO LABORAL EN PROCESAMIENTO CONCENTRADO PARA PECES Y ESPECIES MENORES - TOLU VIEJO', 'Pregrado', 'Distancia', 'TOLU VIEJO', 'SUCRE');
INSERT INTO `programa` VALUES ('313', '213', 'TECNICO LABORAL EN PROCESAMIENTO CONCENTRADO PARA PECES Y ESPECIES MENORES - TURBACO', 'Pregrado', 'Distancia', 'TURBACO', 'BOLIVAR');
INSERT INTO `programa` VALUES ('314', '596', 'TECNICO LABORAL EN PROCESAMIENTO CONCENTRADO PARA PECES Y ESPECIES MENORES - ZAMBRANO', 'Pregrado', 'Distancia', 'ZAMBRANO', 'BOLIVAR');
INSERT INTO `programa` VALUES ('315', '003', 'TECNICO LABORAL EN PROCESAMIENTO Y CONSERVACION DE PRODUCTOS ACUICOLAS Y PESQUEROS - CARTAGENA', 'Pregrado', 'Distancia', 'CARTAGENA', 'BOLIVAR');
INSERT INTO `programa` VALUES ('316', '617', 'TECNICO LABORAL EN PROCESAMIENTO Y CONSERVACION DE PRODUCTOS ACUICOLAS Y PESQUEROS - TOLU', 'Pregrado', 'Distancia', 'SANTIAGO DE TOLU', 'SUCRE');
INSERT INTO `programa` VALUES ('317', '377', 'TECNICO LABORAL EN PRODUCCION ACUICOLA - ACHÍ', 'Pregrado', 'Distancia', 'ACHI', 'BOLIVAR');
INSERT INTO `programa` VALUES ('318', '608', 'TECNICO LABORAL EN PRODUCCION ACUICOLA - CAIMITO', 'Pregrado', 'Distancia', 'CAIMITO', 'SUCRE');
INSERT INTO `programa` VALUES ('319', '373', 'TECNICO LABORAL EN PRODUCCION ACUICOLA - CARMEN DE BOLIVAR', 'Pregrado', 'Distancia', 'EL CARMEN DE BOLIVAR', 'BOLIVAR');
INSERT INTO `programa` VALUES ('320', '001', 'TECNICO LABORAL EN PRODUCCION ACUICOLA - CARTAGENA', 'Pregrado', 'Distancia', 'CARTAGENA', 'BOLIVAR');
INSERT INTO `programa` VALUES ('321', '382', 'TECNICO LABORAL EN PRODUCCION ACUICOLA - CERES NELSON MANDELA', 'Pregrado', 'Distancia', 'CARTAGENA', 'BOLIVAR');
INSERT INTO `programa` VALUES ('322', '383', 'TECNICO LABORAL EN PRODUCCION ACUICOLA - CERES PASACABALLOS', 'Pregrado', 'Distancia', 'CARTAGENA', 'BOLIVAR');
INSERT INTO `programa` VALUES ('323', '381', 'TECNICO LABORAL EN PRODUCCION ACUICOLA - CERES POZóN', 'Pregrado', 'Distancia', 'CARTAGENA', 'BOLIVAR');
INSERT INTO `programa` VALUES ('324', '378', 'TECNICO LABORAL EN PRODUCCION ACUICOLA - CLEMENCIA', 'Pregrado', 'Distancia', 'CLEMENCIA', 'BOLIVAR');
INSERT INTO `programa` VALUES ('325', '607', 'TECNICO LABORAL EN PRODUCCION ACUICOLA - GALERAS', 'Pregrado', 'Distancia', 'GALERAS', 'SUCRE');
INSERT INTO `programa` VALUES ('326', '609', 'TECNICO LABORAL EN PRODUCCION ACUICOLA - LA UNION', 'Pregrado', 'Distancia', 'LA UNION', 'SUCRE');
INSERT INTO `programa` VALUES ('327', '253', 'TECNICO LABORAL EN PRODUCCION ACUICOLA - LORICA', 'Pregrado', 'Distancia', 'LORICA', 'CÓRDOBA');
INSERT INTO `programa` VALUES ('328', '258', 'TECNICO LABORAL EN PRODUCCION ACUICOLA - MAGANGUE', 'Pregrado', 'Distancia', 'MAGANGUE', 'BOLIVAR');
INSERT INTO `programa` VALUES ('329', '374', 'TECNICO LABORAL EN PRODUCCION ACUICOLA - MARIA LA BAJA', 'Pregrado', 'Distancia', 'MARIA LA BAJA', 'BOLIVAR');
INSERT INTO `programa` VALUES ('330', '376', 'TECNICO LABORAL EN PRODUCCION ACUICOLA - PINILLOS', 'Pregrado', 'Distancia', 'PINILLOS', 'BOLIVAR');
INSERT INTO `programa` VALUES ('331', '372', 'TECNICO LABORAL EN PRODUCCION ACUICOLA - SAN ESTANISLAO', 'Pregrado', 'Distancia', 'SAN ESTANISLAO', 'BOLIVAR');
INSERT INTO `programa` VALUES ('332', '379', 'TECNICO LABORAL EN PRODUCCION ACUICOLA - SAN JUAN NEPOMUCENO', 'Pregrado', 'Distancia', 'SAN JUAN NEPOMUCENO', 'BOLIVAR');
INSERT INTO `programa` VALUES ('333', '370', 'TECNICO LABORAL EN PRODUCCION ACUICOLA - SAN MARCOS', 'Pregrado', 'Distancia', 'SAN MARCOS', 'SUCRE');
INSERT INTO `programa` VALUES ('334', '599', 'TECNICO LABORAL EN PRODUCCION ACUICOLA - SAN ONOFRE', 'Pregrado', 'Distancia', 'SAN ONOFRE', 'SUCRE');
INSERT INTO `programa` VALUES ('335', '371', 'TECNICO LABORAL EN PRODUCCION ACUICOLA - SIMITI', 'Pregrado', 'Distancia', 'SIMITI', 'BOLIVAR');
INSERT INTO `programa` VALUES ('336', '375', 'TECNICO LABORAL EN PRODUCCION ACUICOLA - SINCE', 'Pregrado', 'Distancia', 'SINCE', 'SUCRE');
INSERT INTO `programa` VALUES ('337', '380', 'TECNICO LABORAL EN PRODUCCION ACUICOLA - TALAIGUA NUEVO', 'Pregrado', 'Distancia', 'TALAIGUA NUEVO', 'BOLIVAR');
INSERT INTO `programa` VALUES ('338', '605', 'TECNICO LABORAL EN PRODUCCION ACUICOLA - TOLU', 'Pregrado', 'Distancia', 'SANTIAGO DE TOLU', 'SUCRE');
INSERT INTO `programa` VALUES ('339', '606', 'TECNICO LABORAL EN PRODUCCION ACUICOLA - TOLU VIEJO', 'Pregrado', 'Distancia', 'TOLU VIEJO', 'SUCRE');
INSERT INTO `programa` VALUES ('340', '215', 'TECNICO LABORAL EN PRODUCCION ACUICOLA - TURBACO', 'Pregrado', 'Distancia', 'TURBACO', 'BOLIVAR');
INSERT INTO `programa` VALUES ('341', '597', 'TECNICO LABORAL EN PRODUCCION ACUICOLA - ZAMBRANO', 'Pregrado', 'Distancia', 'ZAMBRANO', 'BOLIVAR');
INSERT INTO `programa` VALUES ('342', '435', 'TECNICO LABORAL EN PRODUCCION AGRICOLA ECOLOGICA - ACHI', 'Pregrado', 'Distancia', 'ACHI', 'BOLIVAR');
INSERT INTO `programa` VALUES ('343', '510', 'TECNICO LABORAL EN PRODUCCION AGRICOLA ECOLOGICA - ARJONA', 'Pregrado', 'Distancia', 'ARJONA', 'BOLIVAR');
INSERT INTO `programa` VALUES ('344', '532', 'TECNICO LABORAL EN PRODUCCION AGRICOLA ECOLOGICA - BETULIA', 'Pregrado', 'Distancia', 'SAN JUAN DE BETULIA', 'SUCRE');
INSERT INTO `programa` VALUES ('345', '544', 'TECNICO LABORAL EN PRODUCCION AGRICOLA ECOLOGICA - CAIMITO', 'Pregrado', 'Distancia', 'CAIMITO', 'SUCRE');
INSERT INTO `programa` VALUES ('346', '516', 'TECNICO LABORAL EN PRODUCCION AGRICOLA ECOLOGICA - CALAMAR', 'Pregrado', 'Distancia', 'CALAMAR', 'BOLIVAR');
INSERT INTO `programa` VALUES ('347', '438', 'TECNICO LABORAL EN PRODUCCION AGRICOLA ECOLOGICA - CARMEN DE BOLIVAR', 'Pregrado', 'Distancia', 'EL CARMEN DE BOLIVAR', 'BOLIVAR');
INSERT INTO `programa` VALUES ('348', '417', 'TECNICO LABORAL EN PRODUCCION AGRICOLA ECOLOGICA - CARTAGENA', 'Pregrado', 'Distancia', 'CARTAGENA', 'BOLIVAR');
INSERT INTO `programa` VALUES ('349', '547', 'TECNICO LABORAL EN PRODUCCION AGRICOLA ECOLOGICA - CERETÉ', 'Pregrado', 'Distancia', 'CERETE', 'CÓRDOBA');
INSERT INTO `programa` VALUES ('350', '540', 'TECNICO LABORAL EN PRODUCCION AGRICOLA ECOLOGICA - CHALAN', 'Pregrado', 'Distancia', 'CHALAN', 'SUCRE');
INSERT INTO `programa` VALUES ('351', '437', 'TECNICO LABORAL EN PRODUCCION AGRICOLA ECOLOGICA - CLEMENCIA', 'Pregrado', 'Distancia', 'CLEMENCIA', 'BOLIVAR');
INSERT INTO `programa` VALUES ('352', '531', 'TECNICO LABORAL EN PRODUCCION AGRICOLA ECOLOGICA - COROZAL', 'Pregrado', 'Distancia', 'COROZAL', 'SUCRE');
INSERT INTO `programa` VALUES ('353', '526', 'TECNICO LABORAL EN PRODUCCION AGRICOLA ECOLOGICA - EL GUAMO', 'Pregrado', 'Distancia', 'EL GUAMO', 'BOLIVAR');
INSERT INTO `programa` VALUES ('354', '534', 'TECNICO LABORAL EN PRODUCCION AGRICOLA ECOLOGICA - EL ROBLE', 'Pregrado', 'Distancia', 'EL ROBLE', 'SUCRE');
INSERT INTO `programa` VALUES ('355', '539', 'TECNICO LABORAL EN PRODUCCION AGRICOLA ECOLOGICA - GALERA', 'Pregrado', 'Distancia', 'GALERAS', 'SUCRE');
INSERT INTO `programa` VALUES ('356', '538', 'TECNICO LABORAL EN PRODUCCION AGRICOLA ECOLOGICA - GUARANDA', 'Pregrado', 'Distancia', 'GUARANDA', 'SUCRE');
INSERT INTO `programa` VALUES ('357', '545', 'TECNICO LABORAL EN PRODUCCION AGRICOLA ECOLOGICA - LA UNION', 'Pregrado', 'Distancia', 'LA UNION', 'SUCRE');
INSERT INTO `programa` VALUES ('358', '433', 'TECNICO LABORAL EN PRODUCCION AGRICOLA ECOLOGICA - LORICA', 'Pregrado', 'Distancia', 'LORICA', 'CÓRDOBA');
INSERT INTO `programa` VALUES ('359', '432', 'TECNICO LABORAL EN PRODUCCION AGRICOLA ECOLOGICA - MAGANGUE', 'Pregrado', 'Distancia', 'MAGANGUE', 'BOLIVAR');
INSERT INTO `programa` VALUES ('360', '517', 'TECNICO LABORAL EN PRODUCCION AGRICOLA ECOLOGICA - MAHATE', 'Pregrado', 'Distancia', 'MAHATES', 'BOLIVAR');
INSERT INTO `programa` VALUES ('361', '536', 'TECNICO LABORAL EN PRODUCCION AGRICOLA ECOLOGICA - MAJAGUAL', 'Pregrado', 'Distancia', 'MAJAGUAL', 'SUCRE');
INSERT INTO `programa` VALUES ('362', '518', 'TECNICO LABORAL EN PRODUCCION AGRICOLA ECOLOGICA - MALA GANA', 'Pregrado', 'Distancia', 'MALAGANA', 'BOLIVAR');
INSERT INTO `programa` VALUES ('363', '520', 'TECNICO LABORAL EN PRODUCCION AGRICOLA ECOLOGICA - MARIA LA BAJA', 'Pregrado', 'Distancia', 'MARIA LA BAJA', 'BOLIVAR');
INSERT INTO `programa` VALUES ('364', '527', 'TECNICO LABORAL EN PRODUCCION AGRICOLA ECOLOGICA - MOMPOX', 'Pregrado', 'Distancia', 'MOMPOX', 'BOLIVAR');
INSERT INTO `programa` VALUES ('365', '533', 'TECNICO LABORAL EN PRODUCCION AGRICOLA ECOLOGICA - OVEJAS', 'Pregrado', 'Distancia', 'OVEJAS', 'SUCRE');
INSERT INTO `programa` VALUES ('366', '519', 'TECNICO LABORAL EN PRODUCCION AGRICOLA ECOLOGICA - PALENQUE', 'Pregrado', 'Distancia', 'SAN BASILIO DE PALENQUE', 'BOLIVAR');
INSERT INTO `programa` VALUES ('367', '511', 'TECNICO LABORAL EN PRODUCCION AGRICOLA ECOLOGICA - PUERTO BADEL', 'Pregrado', 'Distancia', 'PUERTO BADEL', 'BOLIVAR');
INSERT INTO `programa` VALUES ('368', '512', 'TECNICO LABORAL EN PRODUCCION AGRICOLA ECOLOGICA - ROCHA', 'Pregrado', 'Distancia', 'ROCHA', 'BOLIVAR');
INSERT INTO `programa` VALUES ('369', '542', 'TECNICO LABORAL EN PRODUCCION AGRICOLA ECOLOGICA - SAMPUES', 'Pregrado', 'Distancia', 'SAMPUES', 'SUCRE');
INSERT INTO `programa` VALUES ('370', '535', 'TECNICO LABORAL EN PRODUCCION AGRICOLA ECOLOGICA - SAN BENITO ABAD', 'Pregrado', 'Distancia', 'SAN BENITO ABAD', 'SUCRE');
INSERT INTO `programa` VALUES ('371', '515', 'TECNICO LABORAL EN PRODUCCION AGRICOLA ECOLOGICA - SAN CRISTOBAL', 'Pregrado', 'Distancia', 'SAN CRISTOBAL', 'BOLIVAR');
INSERT INTO `programa` VALUES ('372', '513', 'TECNICO LABORAL EN PRODUCCION AGRICOLA ECOLOGICA - SAN ESTANISLAO', 'Pregrado', 'Distancia', 'SAN ESTANISLAO', 'BOLIVAR');
INSERT INTO `programa` VALUES ('373', '525', 'TECNICO LABORAL EN PRODUCCION AGRICOLA ECOLOGICA - SAN JACINTO', 'Pregrado', 'Distancia', 'SAN JACINTO', 'BOLIVAR');
INSERT INTO `programa` VALUES ('374', '524', 'TECNICO LABORAL EN PRODUCCION AGRICOLA ECOLOGICA - SAN JUAN NEPOMUCENO', 'Pregrado', 'Distancia', 'SAN JUAN NEPOMUCENO', 'BOLIVAR');
INSERT INTO `programa` VALUES ('375', '440', 'TECNICO LABORAL EN PRODUCCION AGRICOLA ECOLOGICA - SAN MARCOS', 'Pregrado', 'Distancia', 'SAN MARCOS', 'SUCRE');
INSERT INTO `programa` VALUES ('376', '434', 'TECNICO LABORAL EN PRODUCCION AGRICOLA ECOLOGICA - SAN ONOFRE', 'Pregrado', 'Distancia', 'SAN ONOFRE', 'SUCRE');
INSERT INTO `programa` VALUES ('377', '522', 'TECNICO LABORAL EN PRODUCCION AGRICOLA ECOLOGICA - SANTA ROSA NORTE', 'Pregrado', 'Distancia', 'SANTA ROSA DE LIMA', 'BOLIVAR');
INSERT INTO `programa` VALUES ('378', '523', 'TECNICO LABORAL EN PRODUCCION AGRICOLA ECOLOGICA - SANTA ROSA SUR', 'Pregrado', 'Distancia', 'SANTA ROSA DEL SUR', 'BOLIVAR');
INSERT INTO `programa` VALUES ('379', '444', 'TECNICO LABORAL EN PRODUCCION AGRICOLA ECOLOGICA - SIMITI', 'Pregrado', 'Distancia', 'SIMITI', 'BOLIVAR');
INSERT INTO `programa` VALUES ('380', '439', 'TECNICO LABORAL EN PRODUCCION AGRICOLA ECOLOGICA - SINCE', 'Pregrado', 'Distancia', 'SINCE', 'SUCRE');
INSERT INTO `programa` VALUES ('381', '530', 'TECNICO LABORAL EN PRODUCCION AGRICOLA ECOLOGICA - SINCELEJO', 'Pregrado', 'Distancia', 'SINCELEJO', 'SUCRE');
INSERT INTO `programa` VALUES ('382', '537', 'TECNICO LABORAL EN PRODUCCION AGRICOLA ECOLOGICA - SUCRE', 'Pregrado', 'Distancia', 'SUCRE', 'SUCRE');
INSERT INTO `programa` VALUES ('383', '443', 'TECNICO LABORAL EN PRODUCCION AGRICOLA ECOLOGICA - TALAIGUA NUEVO', 'Pregrado', 'Distancia', 'TALAIGUA NUEVO', 'BOLIVAR');
INSERT INTO `programa` VALUES ('384', '528', 'TECNICO LABORAL EN PRODUCCION AGRICOLA ECOLOGICA - TALAIGUA NUEVO', 'Pregrado', 'Distancia', 'TALAIGUA NUEVO', 'BOLIVAR');
INSERT INTO `programa` VALUES ('385', '543', 'TECNICO LABORAL EN PRODUCCION AGRICOLA ECOLOGICA - TOLU', 'Pregrado', 'Distancia', 'SANTIAGO DE TOLU', 'SUCRE');
INSERT INTO `programa` VALUES ('386', '546', 'TECNICO LABORAL EN PRODUCCION AGRICOLA ECOLOGICA - TOLU VIEJO', 'Pregrado', 'Distancia', 'TOLU VIEJO', 'SUCRE');
INSERT INTO `programa` VALUES ('387', '551', 'TECNICO LABORAL EN PRODUCCION AGRICOLA ECOLOGICA - TUCHIN', 'Pregrado', 'Distancia', 'CARTAGENA', 'BOLIVAR');
INSERT INTO `programa` VALUES ('388', '442', 'TECNICO LABORAL EN PRODUCCION AGRICOLA ECOLOGICA - TURBACO', 'Pregrado', 'Distancia', 'TURBACO', 'BOLIVAR');
INSERT INTO `programa` VALUES ('389', '521', 'TECNICO LABORAL EN PRODUCCION AGRICOLA ECOLOGICA - VILLA NUEVA', 'Pregrado', 'Distancia', 'VILLANUEVA', 'BOLIVAR');
INSERT INTO `programa` VALUES ('390', '441', 'TECNICO LABORAL EN PRODUCCION AGRICOLA ECOLOGICA - ZAMBRANO', 'Pregrado', 'Distancia', 'ZAMBRANO', 'BOLIVAR');
INSERT INTO `programa` VALUES ('391', '436', 'TECNICO LABORAL EN PRODUCCION DE AGRICULTURA ECOLOGICA - PINILLOS', 'Pregrado', 'Distancia', 'PINILLOS', 'BOLIVAR');
INSERT INTO `programa` VALUES ('392', '665', 'TECNICO PROFESIONAL EN GUIANZA Y SERVICIOS RECREATIVOS - CARTAGENA', 'Pregrado', 'Distancia', 'CARTAGENA', 'BOLIVAR');
INSERT INTO `programa` VALUES ('393', '699', 'TECNICO PROFESIONAL EN GUIANZA Y SERVICIOS RECREATIVOS - CERES BOSQUE', 'Pregrado', 'Distancia', 'CARTAGENA', 'BOLIVAR');
INSERT INTO `programa` VALUES ('394', '667', 'TECNICO PROFESIONAL EN GUIANZA Y SERVICIOS RECREATIVOS - CERES DANIEL LEMAITRE', 'Pregrado', 'Distancia', 'CARTAGENA', 'BOLIVAR');
INSERT INTO `programa` VALUES ('395', '680', 'TECNICO PROFESIONAL EN GUIANZA Y SERVICIOS RECREATIVOS - CERES NELSON MANDELA', 'Pregrado', 'Distancia', 'CARTAGENA', 'BOLIVAR');
INSERT INTO `programa` VALUES ('396', '669', 'TECNICO PROFESIONAL EN GUIANZA Y SERVICIOS RECREATIVOS - CERES PASACABALLOS', 'Pregrado', 'Distancia', 'CARTAGENA', 'BOLIVAR');
INSERT INTO `programa` VALUES ('397', '681', 'TECNICO PROFESIONAL EN GUIANZA Y SERVICIOS RECREATIVOS - CERES SAN JOSE DE LOS CAMPANOS', 'Pregrado', 'Distancia', 'CARTAGENA', 'BOLIVAR');
INSERT INTO `programa` VALUES ('398', '314', 'TECNICO PROFESIONAL EN OPERACION TURISTICA - ACHÍ', 'Pregrado', 'Distancia', 'ACHI', 'BOLIVAR');
INSERT INTO `programa` VALUES ('399', '297', 'TECNICO PROFESIONAL EN OPERACION TURISTICA - CARMEN DE BOLIVAR', 'Pregrado', 'Distancia', 'ACHI', 'BOLIVAR');
INSERT INTO `programa` VALUES ('400', '181', 'TECNICO PROFESIONAL EN OPERACION TURISTICA - CARTAGENA', 'Pregrado', 'Distancia', 'CARTAGENA', 'BOLIVAR');
INSERT INTO `programa` VALUES ('401', '638', 'TECNICO PROFESIONAL EN OPERACION TURISTICA - CERES BAYUNCA', 'Pregrado', 'Distancia', 'CARTAGENA', 'BOLIVAR');
INSERT INTO `programa` VALUES ('402', '632', 'TECNICO PROFESIONAL EN OPERACION TURISTICA - CERES BOCACHICA', 'Pregrado', 'Distancia', 'CARTAGENA', 'BOLIVAR');
INSERT INTO `programa` VALUES ('403', '633', 'TECNICO PROFESIONAL EN OPERACION TURISTICA - CERES BOSQUE', 'Pregrado', 'Distancia', 'CARTAGENA', 'BOLIVAR');
INSERT INTO `programa` VALUES ('404', '639', 'TECNICO PROFESIONAL EN OPERACION TURISTICA - CERES CARMELO', 'Pregrado', 'Distancia', 'CARTAGENA', 'BOLIVAR');
INSERT INTO `programa` VALUES ('405', '630', 'TECNICO PROFESIONAL EN OPERACION TURISTICA - CERES DANIEL LEMAITRE', 'Pregrado', 'Distancia', 'CARTAGENA', 'BOLIVAR');
INSERT INTO `programa` VALUES ('406', '266', 'TECNICO PROFESIONAL EN OPERACION TURISTICA - CERES NELSON MANDELA', 'Pregrado', 'Distancia', 'CARTAGENA', 'BOLIVAR');
INSERT INTO `programa` VALUES ('407', '629', 'TECNICO PROFESIONAL EN OPERACION TURISTICA - CERES OLAYA', 'Pregrado', 'Distancia', 'CARTAGENA', 'BOLIVAR');
INSERT INTO `programa` VALUES ('408', '270', 'TECNICO PROFESIONAL EN OPERACION TURISTICA - CERES PASACABALLOS', 'Pregrado', 'Distancia', 'CARTAGENA', 'BOLIVAR');
INSERT INTO `programa` VALUES ('409', '274', 'TECNICO PROFESIONAL EN OPERACION TURISTICA - CERES POZóN', 'Pregrado', 'Distancia', 'CARTAGENA', 'BOLIVAR');
INSERT INTO `programa` VALUES ('410', '631', 'TECNICO PROFESIONAL EN OPERACION TURISTICA - CERES SAN JOSE DE LOS CAMPANOS', 'Pregrado', 'Distancia', 'CARTAGENA', 'BOLIVAR');
INSERT INTO `programa` VALUES ('411', '315', 'TECNICO PROFESIONAL EN OPERACION TURISTICA - CLEMENCIA', 'Pregrado', 'Distancia', 'CLEMENCIA', 'BOLIVAR');
INSERT INTO `programa` VALUES ('412', '627', 'TECNICO PROFESIONAL EN OPERACION TURISTICA - COVEÑAS', 'Pregrado', 'Distancia', 'COVEÑAS', 'SUCRE');
INSERT INTO `programa` VALUES ('413', '217', 'TECNICO PROFESIONAL EN OPERACION TURISTICA - LORICA', 'Pregrado', 'Distancia', 'LORICA', 'CÓRDOBA');
INSERT INTO `programa` VALUES ('414', '255', 'TECNICO PROFESIONAL EN OPERACION TURISTICA - MAGANGUE', 'Pregrado', 'Distancia', 'MAGANGUE', 'BOLIVAR');
INSERT INTO `programa` VALUES ('415', '298', 'TECNICO PROFESIONAL EN OPERACION TURISTICA - MARIA LA BAJA', 'Pregrado', 'Distancia', 'MARIA LA BAJA', 'BOLIVAR');
INSERT INTO `programa` VALUES ('416', '628', 'TECNICO PROFESIONAL EN OPERACION TURISTICA - MOMPOX', 'Pregrado', 'Distancia', 'MOMPOX', 'BOLIVAR');
INSERT INTO `programa` VALUES ('417', '655', 'TECNICO PROFESIONAL EN OPERACION TURISTICA - PALMITOS', 'Pregrado', 'Distancia', 'PALMITO', 'SUCRE');
INSERT INTO `programa` VALUES ('418', '300', 'TECNICO PROFESIONAL EN OPERACION TURISTICA - PINILLOS', 'Pregrado', 'Distancia', 'PINILLOS', 'BOLIVAR');
INSERT INTO `programa` VALUES ('419', '295', 'TECNICO PROFESIONAL EN OPERACION TURISTICA - SAN ESTANISLAO', 'Pregrado', 'Distancia', 'SAN ESTANISLAO', 'BOLIVAR');
INSERT INTO `programa` VALUES ('420', '412', 'TECNICO PROFESIONAL EN OPERACION TURISTICA - SAN JUAN NEPOMUCENO', 'Pregrado', 'Distancia', 'SAN JUAN NEPOMUCENO', 'BOLIVAR');
INSERT INTO `programa` VALUES ('421', '294', 'TECNICO PROFESIONAL EN OPERACION TURISTICA - SAN MARCOS', 'Pregrado', 'Distancia', 'SAN MARCOS', 'SUCRE');
INSERT INTO `programa` VALUES ('422', '296', 'TECNICO PROFESIONAL EN OPERACION TURISTICA - SIMITI', 'Pregrado', 'Distancia', 'SIMITI', 'BOLIVAR');
INSERT INTO `programa` VALUES ('423', '299', 'TECNICO PROFESIONAL EN OPERACION TURISTICA - SINCE', 'Pregrado', 'Distancia', 'SINCE', 'SUCRE');
INSERT INTO `programa` VALUES ('424', '317', 'TECNICO PROFESIONAL EN OPERACION TURISTICA - TALAIGUA NUEVO', 'Pregrado', 'Distancia', 'TALAIGUA NUEVO', 'BOLIVAR');
INSERT INTO `programa` VALUES ('425', '207', 'TECNICO PROFESIONAL EN OPERACION TURISTICA - TURBACO', 'Pregrado', 'Distancia', 'TURBACO', 'BOLIVAR');
INSERT INTO `programa` VALUES ('426', '694', 'TECNICO PROFESIONAL EN PROCESAMIENTO CONCENTRADO PARA PECES Y ESPECIES MENORES - CARTAGENA', 'Pregrado', 'Distancia', 'CARTAGENA', 'BOLIVAR');
INSERT INTO `programa` VALUES ('427', '735', 'TECNICO PROFESIONAL EN PROCESAMIENTO CONCENTRADO PARA PECES Y ESPECIES MENORES - MAGANGUE', 'Pregrado', 'Distancia', 'MAGANGUE', 'BOLIVAR');
INSERT INTO `programa` VALUES ('428', '729', 'TECNICO PROFESIONAL EN PROCESAMIENTO CONCENTRADO PARA PECES Y ESPECIES MENORES - SAN ESTANISLAO', 'Pregrado', 'Distancia', 'SAN ESTANISLAO', 'BOLIVAR');
INSERT INTO `programa` VALUES ('429', '703', 'TECNICO PROFESIONAL EN PROCESAMIENTO CONCENTRADO PARA PECES Y ESPECIES MENORES - TOLU', 'Pregrado', 'Distancia', 'TOLU', 'SUCRE');
INSERT INTO `programa` VALUES ('430', '705', 'TECNICO PROFESIONAL EN PROCESAMIENTO CONCENTRADO PARA PECES Y ESPECIES MENORES - ZAMBRANO', 'Pregrado', 'Distancia', 'ZAMBRANO', 'BOLIVAR');
INSERT INTO `programa` VALUES ('431', '695', 'TECNICO PROFESIONAL EN PROCESAMIENTO Y CONSERVACION DE PRODUCTOS ACUICOLAS Y PESQUEROS - CARTAGENA', 'Pregrado', 'Distancia', 'CARTAGENA', 'BOLIVAR');
INSERT INTO `programa` VALUES ('432', '704', 'TECNICO PROFESIONAL EN PROCESAMIENTO Y CONSERVACION DE PRODUCTOS ACUICOLAS Y PESQUEROS - TOLU', 'Pregrado', 'Distancia', 'TOLU', 'SUCRE');
INSERT INTO `programa` VALUES ('433', '720', 'TECNICO PROFESIONAL EN PRODUCCION ACUICOLA -', 'Pregrado', 'Distancia', 'CARTAGENA', 'BOLIVAR');
INSERT INTO `programa` VALUES ('434', '696', 'TECNICO PROFESIONAL EN PRODUCCION ACUICOLA - CARTAGENA', 'Pregrado', 'Distancia', 'CARTAGENA', 'BOLIVAR');
INSERT INTO `programa` VALUES ('435', '700', 'TECNICO PROFESIONAL EN PRODUCCION ACUICOLA - LORICA', 'Pregrado', 'Distancia', 'LORICA', 'CÓRDOBA');
INSERT INTO `programa` VALUES ('436', '733', 'TECNICO PROFESIONAL EN PRODUCCION ACUICOLA - MAGANGUE', 'Pregrado', 'Distancia', 'MAGANGUE', 'BOLIVAR');
INSERT INTO `programa` VALUES ('437', '726', 'TECNICO PROFESIONAL EN PRODUCCION ACUICOLA - SAN ESTANISLAO', 'Pregrado', 'Distancia', 'SAN ESTANISLAO', 'BOLIVAR');
INSERT INTO `programa` VALUES ('438', '702', 'TECNICO PROFESIONAL EN PRODUCCION ACUICOLA - TOLU', 'Pregrado', 'Distancia', 'TOLU', 'SUCRE');
INSERT INTO `programa` VALUES ('439', '716', 'TECNICO PROFESIONAL EN PRODUCCION AGRICOLA ECOLOGICA - SAN PELAYO', 'Pregrado', 'Distancia', 'SAN PELAYO', 'CÓRDOBA');
INSERT INTO `programa` VALUES ('440', '666', 'TECNICO PROFESIONAL EN SERVICIOS GASTRONOMICOS - CARTAGENA', 'Pregrado', 'Distancia', 'CARTAGENA', 'BOLIVAR');
INSERT INTO `programa` VALUES ('441', '668', 'TECNICO PROFESIONAL EN SERVICIOS GASTRONOMICOS - CERES BOSQUE', 'Pregrado', 'Distancia', 'CARTAGENA', 'BOLIVAR');
INSERT INTO `programa` VALUES ('442', '670', 'TECNICO PROFESIONAL EN SERVICIOS GASTRONOMICOS - CERES PASACABALLOS', 'Pregrado', 'Distancia', 'CARTAGENA', 'BOLIVAR');
INSERT INTO `programa` VALUES ('443', '682', 'TECNICO PROFESIONAL EN SERVICIOS GASTRONOMICOS - CERES POZON', 'Pregrado', 'Distancia', 'CARTAGENA', 'BOLIVAR');
INSERT INTO `programa` VALUES ('444', '013', 'TECNOLOGIA DE ALIMENTOS MAGANGUE', 'Pregrado', 'Distancia', 'MAGANGUE', 'BOLIVAR');
INSERT INTO `programa` VALUES ('445', '422', 'TECNOLOGIA EN GESTION DE LA PRODUCCION AGRICOLA ECOLOGICA - ACHI', 'Pregrado', 'Distancia', 'ACHI', 'BOLIVAR');
INSERT INTO `programa` VALUES ('446', '425', 'TECNOLOGIA EN GESTION DE LA PRODUCCION AGRICOLA ECOLOGICA - CARMEN DE BOLIVAR', 'Pregrado', 'Distancia', 'EL CARMEN DE BOLIVAR', 'BOLIVAR');
INSERT INTO `programa` VALUES ('447', '418', 'TECNOLOGIA EN GESTION DE LA PRODUCCION AGRICOLA ECOLOGICA - CARTAGENA', 'Pregrado', 'Distancia', 'CARTAGENA', 'BOLIVAR');
INSERT INTO `programa` VALUES ('448', '424', 'TECNOLOGIA EN GESTION DE LA PRODUCCION AGRICOLA ECOLOGICA - CLEMENCIA', 'Pregrado', 'Distancia', 'CLEMENCIA', 'BOLIVAR');
INSERT INTO `programa` VALUES ('449', '420', 'TECNOLOGIA EN GESTION DE LA PRODUCCION AGRICOLA ECOLOGICA - LORICA', 'Pregrado', 'Distancia', 'LORICA', 'CÓRDOBA');
INSERT INTO `programa` VALUES ('450', '419', 'TECNOLOGIA EN GESTION DE LA PRODUCCION AGRICOLA ECOLOGICA - MAGANGUÉ', 'Pregrado', 'Distancia', 'MAGANGUE', 'BOLIVAR');
INSERT INTO `programa` VALUES ('451', '423', 'TECNOLOGIA EN GESTION DE LA PRODUCCION AGRICOLA ECOLOGICA - PINILLOS', 'Pregrado', 'Distancia', 'PINILLOS', 'BOLIVAR');
INSERT INTO `programa` VALUES ('452', '427', 'TECNOLOGIA EN GESTION DE LA PRODUCCION AGRICOLA ECOLOGICA - SAN MARCOS', 'Pregrado', 'Distancia', 'SAN MARCOS', 'SUCRE');
INSERT INTO `programa` VALUES ('453', '421', 'TECNOLOGIA EN GESTION DE LA PRODUCCION AGRICOLA ECOLOGICA - SAN ONOFRE', 'Pregrado', 'Distancia', 'SAN ONOFRE', 'SUCRE');
INSERT INTO `programa` VALUES ('454', '431', 'TECNOLOGIA EN GESTION DE LA PRODUCCION AGRICOLA ECOLOGICA - SIMITI', 'Pregrado', 'Distancia', 'SIMITI', 'BOLIVAR');
INSERT INTO `programa` VALUES ('455', '426', 'TECNOLOGIA EN GESTION DE LA PRODUCCION AGRICOLA ECOLOGICA - SINCE', 'Pregrado', 'Distancia', 'SINCE', 'SUCRE');
INSERT INTO `programa` VALUES ('456', '430', 'TECNOLOGIA EN GESTION DE LA PRODUCCION AGRICOLA ECOLOGICA - TALAIGA NUEVO', 'Pregrado', 'Distancia', 'TALAIGUA NUEVO', 'BOLIVAR');
INSERT INTO `programa` VALUES ('457', '429', 'TECNOLOGIA EN GESTION DE LA PRODUCCION AGRICOLA ECOLOGICA - TURBACO', 'Pregrado', 'Distancia', 'TURBACO', 'BOLIVAR');
INSERT INTO `programa` VALUES ('458', '428', 'TECNOLOGIA EN GESTION DE LA PRODUCCION AGRICOLA ECOLOGICA - ZAMBRANO', 'Pregrado', 'Distancia', 'ZAMBRANO', 'BOLIVAR');
INSERT INTO `programa` VALUES ('459', '679', 'TECNOLOGIA EN GESTION HOTELERA - CARTAGENA', 'Pregrado', 'Distancia', 'CARTAGENA', 'BOLIVAR');
INSERT INTO `programa` VALUES ('460', '405', 'TECNOLOGIA EN GESTION PUBLICA - ACHÍ', 'Pregrado', 'Distancia', 'ACHI', 'BOLIVAR');
INSERT INTO `programa` VALUES ('461', '401', 'TECNOLOGIA EN GESTION PUBLICA - CARMEN DE BOLIVAR', 'Pregrado', 'Distancia', 'ACHI', 'BOLIVAR');
INSERT INTO `programa` VALUES ('462', '203', 'TECNOLOGIA EN GESTION PUBLICA - CARTAGENA', 'Pregrado', 'Distancia', 'CARTAGENA', 'BOLIVAR');
INSERT INTO `programa` VALUES ('463', '410', 'TECNOLOGIA EN GESTION PUBLICA - CERES NELSON MANDELA', 'Pregrado', 'Distancia', 'CARTAGENA', 'BOLIVAR');
INSERT INTO `programa` VALUES ('464', '717', 'TECNOLOGIA EN GESTION PUBLICA - CERES OLAYA', 'Pregrado', 'Distancia', 'CARTAGENA', 'BOLIVAR');
INSERT INTO `programa` VALUES ('465', '411', 'TECNOLOGIA EN GESTION PUBLICA - CERES PASACABALLOS', 'Pregrado', 'Distancia', 'CARTAGENA', 'BOLIVAR');
INSERT INTO `programa` VALUES ('466', '409', 'TECNOLOGIA EN GESTION PUBLICA - CERES POZóN', 'Pregrado', 'Distancia', 'CARTAGENA', 'BOLIVAR');
INSERT INTO `programa` VALUES ('467', '708', 'TECNOLOGIA EN GESTION PUBLICA - CERETÉ', 'Pregrado', 'Distancia', 'CERETE', 'CÓRDOBA');
INSERT INTO `programa` VALUES ('468', '406', 'TECNOLOGIA EN GESTION PUBLICA - CLEMENCIA', 'Pregrado', 'Distancia', 'CLEMENCIA', 'BOLIVAR');
INSERT INTO `programa` VALUES ('469', '287', 'TECNOLOGIA EN GESTION PUBLICA - LORICA', 'Pregrado', 'Distancia', 'LORICA', 'CÓRDOBA');
INSERT INTO `programa` VALUES ('470', '284', 'TECNOLOGIA EN GESTION PUBLICA - MAGANGUE', 'Pregrado', 'Distancia', 'MAGANGUE', 'BOLIVAR');
INSERT INTO `programa` VALUES ('471', '402', 'TECNOLOGIA EN GESTION PUBLICA - MARIA LA BAJA', 'Pregrado', 'Distancia', 'MARIA LA BAJA', 'BOLIVAR');
INSERT INTO `programa` VALUES ('472', '404', 'TECNOLOGIA EN GESTION PUBLICA - PINILLOS', 'Pregrado', 'Distancia', 'PINILLOS', 'BOLIVAR');
INSERT INTO `programa` VALUES ('473', '400', 'TECNOLOGIA EN GESTION PUBLICA - SAN ESTANISLAO', 'Pregrado', 'Distancia', 'SAN ESTANISLAO', 'BOLIVAR');
INSERT INTO `programa` VALUES ('474', '407', 'TECNOLOGIA EN GESTION PUBLICA - SAN JUAN NEPOMUCENO', 'Pregrado', 'Distancia', 'SAN JUAN NEPOMUCENO', 'BOLIVAR');
INSERT INTO `programa` VALUES ('475', '398', 'TECNOLOGIA EN GESTION PUBLICA - SAN MARCOS', 'Pregrado', 'Distancia', 'SAN JUAN NEPOMUCENO', 'BOLIVAR');
INSERT INTO `programa` VALUES ('476', '399', 'TECNOLOGIA EN GESTION PUBLICA - SIMITI', 'Pregrado', 'Distancia', 'SIMITI', 'BOLIVAR');
INSERT INTO `programa` VALUES ('477', '403', 'TECNOLOGIA EN GESTION PUBLICA - SINCE', 'Pregrado', 'Distancia', 'SINCE', 'SUCRE');
INSERT INTO `programa` VALUES ('478', '408', 'TECNOLOGIA EN GESTION PUBLICA - TALAIGUA NUEVO', 'Pregrado', 'Distancia', 'TALAIGUA NUEVO', 'BOLIVAR');
INSERT INTO `programa` VALUES ('479', '282', 'TECNOLOGIA EN GESTION PUBLICA - TURBACO', 'Pregrado', 'Distancia', 'TURBACO', 'BOLIVAR');
INSERT INTO `programa` VALUES ('480', '238', 'TECNOLOGIA EN GESTION TURISTICA - ACHI', 'Pregrado', 'Distancia', 'ACHI', 'BOLIVAR');
INSERT INTO `programa` VALUES ('481', '234', 'TECNOLOGIA EN GESTION TURISTICA - CARMEN DE BOLIVAR', 'Pregrado', 'Distancia', 'EL CARMEN DE BOLIVAR', 'BOLIVAR');
INSERT INTO `programa` VALUES ('482', '182', 'TECNOLOGIA EN GESTION TURISTICA - CARTAGENA', 'Pregrado', 'Distancia', 'CARTAGENA', 'BOLIVAR');
INSERT INTO `programa` VALUES ('483', '243', 'TECNOLOGIA EN GESTION TURISTICA - CERES NELSON MANDELA', 'Pregrado', 'Distancia', 'CARTAGENA', 'BOLIVAR');
INSERT INTO `programa` VALUES ('484', '244', 'TECNOLOGIA EN GESTION TURISTICA - CERES PASACABALLOS', 'Pregrado', 'Distancia', 'CARTAGENA', 'BOLIVAR');
INSERT INTO `programa` VALUES ('485', '242', 'TECNOLOGIA EN GESTION TURISTICA - CERES POZóN', 'Pregrado', 'Distancia', 'CARTAGENA', 'BOLIVAR');
INSERT INTO `programa` VALUES ('486', '648', 'TECNOLOGIA EN GESTION TURISTICA - CERETÉ', 'Pregrado', 'Distancia', 'CERETE', 'CÓRDOBA');
INSERT INTO `programa` VALUES ('487', '239', 'TECNOLOGIA EN GESTION TURISTICA - CLEMENCIA', 'Pregrado', 'Distancia', 'CLEMENCIA', 'BOLIVAR');
INSERT INTO `programa` VALUES ('488', '218', 'TECNOLOGIA EN GESTION TURISTICA - LORICA', 'Pregrado', 'Distancia', 'LORICA', 'CÓRDOBA');
INSERT INTO `programa` VALUES ('489', '219', 'TECNOLOGIA EN GESTION TURISTICA - MAGANGUE', 'Pregrado', 'Distancia', 'MAGANGUE', 'BOLIVAR');
INSERT INTO `programa` VALUES ('490', '235', 'TECNOLOGIA EN GESTION TURISTICA - MARIA LABAJA', 'Pregrado', 'Distancia', 'MARIA LA BAJA', 'BOLIVAR');
INSERT INTO `programa` VALUES ('491', '237', 'TECNOLOGIA EN GESTION TURISTICA - PINILLOS', 'Pregrado', 'Distancia', 'PINILLOS', 'BOLIVAR');
INSERT INTO `programa` VALUES ('492', '233', 'TECNOLOGIA EN GESTION TURISTICA - SAN ESTANISLAO', 'Pregrado', 'Distancia', 'SAN ESTANISLAO', 'BOLIVAR');
INSERT INTO `programa` VALUES ('493', '240', 'TECNOLOGIA EN GESTION TURISTICA - SAN JUAN NEPOMUCENO', 'Pregrado', 'Distancia', 'SAN JUAN NEPOMUCENO', 'BOLIVAR');
INSERT INTO `programa` VALUES ('494', '231', 'TECNOLOGIA EN GESTION TURISTICA - SAN MARCOS', 'Pregrado', 'Distancia', 'SAN MARCOS', 'SUCRE');
INSERT INTO `programa` VALUES ('495', '232', 'TECNOLOGIA EN GESTION TURISTICA - SIMITI', 'Pregrado', 'Distancia', 'SIMITI', 'BOLIVAR');
INSERT INTO `programa` VALUES ('496', '236', 'TECNOLOGIA EN GESTION TURISTICA - SINCE', 'Pregrado', 'Distancia', 'SINCE', 'SUCRE');
INSERT INTO `programa` VALUES ('497', '241', 'TECNOLOGIA EN GESTION TURISTICA - TALAIGUA NUEVO', 'Pregrado', 'Distancia', 'TALAIGUA NUEVO', 'BOLIVAR');
INSERT INTO `programa` VALUES ('498', '208', 'TECNOLOGIA EN GESTION TURISTICA - TURBACO', 'Pregrado', 'Distancia', 'TURBACO', 'BOLIVAR');
INSERT INTO `programa` VALUES ('499', '731', 'TECNOLOGIA EN PROCESOS DE GESTION PUBLICA - MAGANGUE', 'Pregrado', 'Distancia', 'MAGANGUE', 'BOLIVAR');
INSERT INTO `programa` VALUES ('500', '678', 'TECNOLOGIA EN SERVICIO A BORDO - CARTAGENA', 'Pregrado', 'Distancia', 'CARTAGENA', 'BOLIVAR');
INSERT INTO `programa` VALUES ('501', '618', 'TECNOLOGIA EN SUPERVISION DE PROCESOS PRODUCTIVOS ACUICOLAS', 'Pregrado', 'Distancia', 'CARTAGENA', 'BOLIVAR');
INSERT INTO `programa` VALUES ('502', '738', 'TECNOLOGIA EN SUPERVISION DE PROCESOS PRODUCTIVOS ACUICOLAS', 'Tecnológica', 'Distancia', 'MAGANGUE', 'BOLIVAR');
INSERT INTO `programa` VALUES ('503', '728', 'TECNOLOGÍA EN GESTIÓN PUBLICA NECHI', 'Pregrado', 'Distancia', 'NECHI', 'ANTIOQUIA');
INSERT INTO `programa` VALUES ('504', '737', 'TECNOLOGÍA EN METROLOGÍA INDUSTRIAL', 'Pregrado', 'Presencial', 'CARTAGENA', 'BOLIVAR');
INSERT INTO `programa` VALUES ('505', '042', 'TRABAJO SOCIAL', 'Pregrado', 'Presencial', 'CARTAGENA', 'BOLIVAR');

-- ----------------------------
-- Table structure for reclamante
-- ----------------------------
DROP TABLE IF EXISTS `reclamante`;
CREATE TABLE `reclamante` (
  `idreclamante` int(11) NOT NULL,
  `nombre` varchar(100) NOT NULL,
  `apellido` varchar(100) NOT NULL,
  `celular` varchar(45) DEFAULT NULL,
  `email` varchar(100) DEFAULT NULL,
  `password` varchar(100) NOT NULL,
  `tipo` varchar(100) NOT NULL,
  `estado` varchar(100) NOT NULL,
  `programa_idprograma` int(11) DEFAULT NULL,
  PRIMARY KEY (`idreclamante`),
  KEY `fk_reclamante_programa1_idx` (`programa_idprograma`),
  CONSTRAINT `fk_reclamante_programa1` FOREIGN KEY (`programa_idprograma`) REFERENCES `programa` (`idprograma`) ON DELETE NO ACTION ON UPDATE NO ACTION
) ENGINE=InnoDB DEFAULT CHARSET=utf8;

-- ----------------------------
-- Records of reclamante
-- ----------------------------
INSERT INTO `reclamante` VALUES ('3456789', 'Margarita', 'Martinez Perez', '3009876543', 'margarita@gmail.com', '123456', 'ASPIRANTE', 'activo', null);
INSERT INTO `reclamante` VALUES ('9170777', 'Americo', 'Garcia', '3021234455', 'fray256@hotmail.com', '123456', 'ESTUDIANTE', 'inactivo', '105');
INSERT INTO `reclamante` VALUES ('12345678', 'Diana', 'Perez', '3000001456', 'oscar7685@gmail.com', '123456', 'PROFESOR', 'inactivo', null);
INSERT INTO `reclamante` VALUES ('22955419', 'Rodolfo', 'Navarro Amador', '3012345666', 'ruchi0708@hotmail.com', '123456', 'PARTICULAR', 'activo', null);
INSERT INTO `reclamante` VALUES ('22999635', 'Diana', 'Padilla', '3002755225', 'artemus1@gmail.com', '123456', 'PROFESOR', 'inactivo', null);
INSERT INTO `reclamante` VALUES ('45430747', 'Ana', 'Esquivia', '6602793', 'dani_15_59@hotmail.com', '123456', 'PARTICULAR', 'inactivo', null);
INSERT INTO `reclamante` VALUES ('73214802', 'Oscar', 'Ballestero', '3012685233', 'oscar7685@gmail.com', '123456', 'EGRESADO', 'activo', null);
INSERT INTO `reclamante` VALUES ('98989898', 'pepe', 'cortez', '98989898', 'oscar7685@gmail.com', '123456', 'EGRESADO', 'inactivo', null);
INSERT INTO `reclamante` VALUES ('104723456', 'Jose Luis', 'Martinez', '3213001234', 'micuenta040@gmail.com', '123456', 'ESTUDIANTE', 'activo', '169');
INSERT INTO `reclamante` VALUES ('104745345', 'xx', 'xx', '300273343', 'micuenta40@gmail.com', '123456', 'ESTUDIANTE', 'inactivo', '114');
INSERT INTO `reclamante` VALUES ('123456789', 'Lucero', 'Perez', '3007894561', 'oscar7685@hotmail.com', '123456', 'PROFESOR', 'activo', null);
INSERT INTO `reclamante` VALUES ('987654321', 'Alix', 'Anaya', '300300000', 'oscar7685@gmail.com', '123456', 'EGRESADO', 'inactivo', null);
INSERT INTO `reclamante` VALUES ('1047321321', 'Juana', 'de arco', '3003003001', 'micuenta40@gmail.com', '123456', 'ESTUDIANTE', 'inactivo', '105');
INSERT INTO `reclamante` VALUES ('1047343427', 'xx', 'ruiz', '3003003001', 'micuenta40@gmail.com', '123456', 'ESTUDIANTE', 'activo', '114');
INSERT INTO `reclamante` VALUES ('1050953133', 'Ruth', 'Navarro Angarita', '3014915811', 'ruchi0708@hotmail.com', '123456', 'ESTUDIANTE', 'activo', '105');
INSERT INTO `reclamante` VALUES ('1051661877', 'Leidis Ines', 'Rodelo de Rodríguez', '3013870405', 'fray256@hotmail.com', '123456', 'PARTICULAR', 'inactivo', null);
INSERT INTO `reclamante` VALUES ('1143336123', 'leidy zulley', 'Ramírez rodriguez', '3103456778', 'jhounyn@Gmail.com', '12345', 'ESTUDIANTE', 'activo', '105');
INSERT INTO `reclamante` VALUES ('1143336251', 'katerine', 'Olmos marquez', '3127162433', 'kathy_24_14@Hotmail.com', '123456', 'EGRESADO', 'inactivo', null);
INSERT INTO `reclamante` VALUES ('1231231234', 'xx', 'ruiz', '30033333', 'micuenta40@gmail.com', '123456', 'ESTUDIANTE', 'inactivo', '114');

-- ----------------------------
-- Table structure for responsable_area
-- ----------------------------
DROP TABLE IF EXISTS `responsable_area`;
CREATE TABLE `responsable_area` (
  `idresponsable_area` int(11) NOT NULL,
  `nombre` varchar(45) DEFAULT NULL,
  `apellido` varchar(45) DEFAULT NULL,
  `email` varchar(100) DEFAULT NULL,
  `celular` varchar(45) DEFAULT NULL,
  `telefono` varchar(45) DEFAULT NULL,
  `password` varchar(45) DEFAULT NULL,
  `area_idarea` int(11) NOT NULL,
  PRIMARY KEY (`idresponsable_area`),
  KEY `fk_responsable_area_area_idx` (`area_idarea`),
  CONSTRAINT `fk_responsable_area_area` FOREIGN KEY (`area_idarea`) REFERENCES `area` (`idarea`) ON DELETE NO ACTION ON UPDATE NO ACTION
) ENGINE=InnoDB DEFAULT CHARSET=utf8;

-- ----------------------------
-- Records of responsable_area
-- ----------------------------
INSERT INTO `responsable_area` VALUES ('2345678', 'MARTHA', 'YANEZ CONTRERAS', 'oscar7685@gmail.com', '3001234564', '', '123456', '92');
INSERT INTO `responsable_area` VALUES ('123456789', 'Luis', 'Zuárez', 'fray256@hotmail.com', '3013456543', '', '123456', '137');
INSERT INTO `responsable_area` VALUES ('147852369', 'PEDRO', 'PEREIRA', 'oscar7685@hotmail.com', '3000000000', '', '123456', '2');
INSERT INTO `responsable_area` VALUES ('987654321', 'jose ', 'villanueva', 'ruchi0708@hotmail.com', '123456789', '', '123456', '144');
INSERT INTO `responsable_area` VALUES ('1047408359', 'NELSON', 'RAMIREZ RODRIGUEZ', 'micuenta40@gmail.com', '30047474747', '6666666', '123456', '1000');

-- ----------------------------
-- Table structure for respuesta
-- ----------------------------
DROP TABLE IF EXISTS `respuesta`;
CREATE TABLE `respuesta` (
  `idrespuesta` int(11) NOT NULL AUTO_INCREMENT,
  `pqrs_idpqrs` int(11) NOT NULL,
  `responsable_area_idresponsable_area` int(11) NOT NULL,
  `fecha_respuesta` date NOT NULL,
  `respuesta` varchar(5000) NOT NULL,
  `evaluacion` varchar(45) DEFAULT NULL,
  `subproceso_idsubproceso` int(11) NOT NULL,
  PRIMARY KEY (`idrespuesta`),
  KEY `fk_respuesta_pqrs1_idx` (`pqrs_idpqrs`),
  KEY `fk_respuesta_responsable_area1_idx` (`responsable_area_idresponsable_area`),
  KEY `fk_respuesta_subproceso1_idx` (`subproceso_idsubproceso`),
  CONSTRAINT `fk_respuesta_pqrs1` FOREIGN KEY (`pqrs_idpqrs`) REFERENCES `pqrs` (`idpqrs`) ON DELETE NO ACTION ON UPDATE NO ACTION,
  CONSTRAINT `fk_respuesta_responsable_area1` FOREIGN KEY (`responsable_area_idresponsable_area`) REFERENCES `responsable_area` (`idresponsable_area`) ON DELETE NO ACTION ON UPDATE NO ACTION,
  CONSTRAINT `fk_respuesta_subproceso1` FOREIGN KEY (`subproceso_idsubproceso`) REFERENCES `subproceso` (`idsubproceso`) ON DELETE NO ACTION ON UPDATE NO ACTION
) ENGINE=InnoDB AUTO_INCREMENT=9 DEFAULT CHARSET=utf8;

-- ----------------------------
-- Records of respuesta
-- ----------------------------
INSERT INTO `respuesta` VALUES ('1', '14', '147852369', '2016-04-14', 'la resdldsf lks xxx', '2', '5');
INSERT INTO `respuesta` VALUES ('6', '13', '2345678', '2016-04-16', 'Esta es una respuesta efectiva', '5', '5');
INSERT INTO `respuesta` VALUES ('8', '24', '987654321', '2016-04-19', 'jsjgligao', '5', '12');

-- ----------------------------
-- Table structure for subproceso
-- ----------------------------
DROP TABLE IF EXISTS `subproceso`;
CREATE TABLE `subproceso` (
  `idsubproceso` int(11) NOT NULL AUTO_INCREMENT,
  `subproceso` varchar(500) NOT NULL,
  `proceso_idproceso` int(11) NOT NULL,
  PRIMARY KEY (`idsubproceso`),
  KEY `fk_subproceso_proceso1_idx` (`proceso_idproceso`),
  CONSTRAINT `fk_subproceso_proceso1` FOREIGN KEY (`proceso_idproceso`) REFERENCES `proceso` (`idproceso`) ON DELETE NO ACTION ON UPDATE NO ACTION
) ENGINE=InnoDB AUTO_INCREMENT=40 DEFAULT CHARSET=utf8;

-- ----------------------------
-- Records of subproceso
-- ----------------------------
INSERT INTO `subproceso` VALUES ('1', 'Gestión Directiva', '1');
INSERT INTO `subproceso` VALUES ('2', 'Gestión Estratégica', '1');
INSERT INTO `subproceso` VALUES ('3', 'Internacionalización', '1');
INSERT INTO `subproceso` VALUES ('4', 'Gestión de Comunicación Interna', '2');
INSERT INTO `subproceso` VALUES ('5', 'Gestión de Comunicación Externa', '2');
INSERT INTO `subproceso` VALUES ('6', 'Admisiones, Registro y Control Académico', '5');
INSERT INTO `subproceso` VALUES ('7', 'Planeación Académica y Diseño Curricular', '5');
INSERT INTO `subproceso` VALUES ('8', 'Evaluación Académica', '5');
INSERT INTO `subproceso` VALUES ('9', 'Autoevaluación y Acreditación', '5');
INSERT INTO `subproceso` VALUES ('10', 'Proyección Social Curricular', '7');
INSERT INTO `subproceso` VALUES ('11', 'Gestión de Selección', '8');
INSERT INTO `subproceso` VALUES ('12', 'Gestión de Capacitación', '8');
INSERT INTO `subproceso` VALUES ('13', 'Gestión de desarrollo del personal', '8');
INSERT INTO `subproceso` VALUES ('14', 'Gestión de Prestaciones económicas', '8');
INSERT INTO `subproceso` VALUES ('15', 'Gestión de Salud Ocupacional y Seguridad Ocupacional', '8');
INSERT INTO `subproceso` VALUES ('16', 'Gestión de Control disciplinario', '8');
INSERT INTO `subproceso` VALUES ('17', 'Gestión  presupuestal', '9');
INSERT INTO `subproceso` VALUES ('18', 'Gestión de Tesorería y Pagaduría', '9');
INSERT INTO `subproceso` VALUES ('19', 'Gestión  Contable ', '9');
INSERT INTO `subproceso` VALUES ('20', 'Gestión de cartera y cobranza', '9');
INSERT INTO `subproceso` VALUES ('21', 'Gestión cultural', '10');
INSERT INTO `subproceso` VALUES ('22', 'Gestión Deportiva', '10');
INSERT INTO `subproceso` VALUES ('23', 'Gestión de Asesoría psicológica', '10');
INSERT INTO `subproceso` VALUES ('24', 'Gestión de Trabajo social', '10');
INSERT INTO `subproceso` VALUES ('25', 'Gestión  de Procesos técnicos', '11');
INSERT INTO `subproceso` VALUES ('26', 'Gestión  de Servicios', '11');
INSERT INTO `subproceso` VALUES ('27', 'Gestión  de Hemeroteca', '11');
INSERT INTO `subproceso` VALUES ('28', 'Gestión de Desarrollo de colecciones', '11');
INSERT INTO `subproceso` VALUES ('29', 'Gestión de circulación y préstamo', '11');
INSERT INTO `subproceso` VALUES ('30', 'Asuntos Jurídicos', '12');
INSERT INTO `subproceso` VALUES ('31', 'Contratos', '12');
INSERT INTO `subproceso` VALUES ('32', 'Gestión  de Almacén', '13');
INSERT INTO `subproceso` VALUES ('33', 'Gestión  de Compras y adquisiciones', '13');
INSERT INTO `subproceso` VALUES ('34', 'Gestión  de Inventario', '13');
INSERT INTO `subproceso` VALUES ('35', 'Gestión  de Servicios generales ', '13');
INSERT INTO `subproceso` VALUES ('36', 'Gestión de Seguridad y vigilancia', '13');
INSERT INTO `subproceso` VALUES ('37', 'Implementación y Sistema de TIC', '16');
INSERT INTO `subproceso` VALUES ('38', 'Dirección y Gestión de TIC', '16');
INSERT INTO `subproceso` VALUES ('39', 'Sistemas y Procedimientos de Servicios', '16');
